molecule_chembl_id,smiles,IC50_nM,pchembl_value,doc_year,alogp,mol_weight,potency_class
CHEMBL1014,CCOc1nc2cccc(C(=O)OC(C)OC(=O)OC3CCCCC3)c2n1Cc1ccc(-c2ccccc2-c2nn[nH]n2)cc1,42000.0,4.38,2010,6.32,610.67,2
CHEMBL1078675,Cc1nc(-c2ccccc2)sc1C(=O)N[C@H](/C=C/S(=O)(=O)c1ccccc1)CCc1ccccc1,10000.0,5.0,2009,5.84,502.66,2
CHEMBL1078778,Cc1nc(-c2cccnc2)sc1C(=O)N[C@H](/C=C/S(=O)(=O)c1ccccc1)CCc1ccccc1,2000.0,5.7,2009,5.23,503.65,1
CHEMBL1078779,Cc1nc(-c2cnccn2)sc1C(=O)N[C@H](/C=C/S(=O)(=O)c1ccccc1)CCc1ccccc1,1000.0,6.0,2009,4.63,504.64,1
CHEMBL1078855,O=C(N[C@H](/C=C/S(=O)(=O)c1ccccc1)CCc1ccccc1)c1cc(-c2ccccc2)no1,2000.0,5.7,2009,5.06,472.57,1
CHEMBL1078981,O=C(N[C@H](/C=C/S(=O)(=O)c1ccccc1)CCc1ccccc1)c1cc(-c2ccncc2)no1,5000.0,5.3,2009,4.46,473.55,2
CHEMBL1079067,O=C(N[C@H](/C=C/S(=O)(=O)c1ccccc1)CCc1ccccc1)c1cc(-c2cccnc2)no1,1000.0,6.0,2009,4.46,473.55,1
CHEMBL1079068,O=C(N[C@H](/C=C/S(=O)(=O)c1ccccc1)CCc1ccccc1)c1cc(-c2ccccn2)no1,6000.0,5.22,2009,4.46,473.55,2
CHEMBL1079162,O=C(N[C@H](/C=C/S(=O)(=O)c1ccccc1)CCc1ccccc1)[C@@H]1CCCC[C@H]1C(=O)c1ccc(Cl)cc1,50.0,7.3,2009,6.43,550.12,0
CHEMBL108035,C/C(=N\N=C(\N)S)c1cccc(-c2ccccc2)c1,7999.17,5.1,2004,3.32,269.37,2
CHEMBL108101,C/C(=N/N=C(/N)S)c1cccc(/C(C)=N/N=C(/N)S)c1,5000.0,5.3,2004,1.62,308.44,2
CHEMBL1083993,CCCCc1oc2ccccc2c1C(=O)c1cc(I)c(OCCN(CC)CC)c(I)c1.Cl,4000.0,5.4,2010,6.94,681.78,2
CHEMBL1084541,Cc1c(C)c2c(c(C)c1OC(=O)c1cccnc1)CC[C@@](C)(CCC[C@H](C)CCC[C@H](C)CCCC(C)C)O2,98000.0,4.01,2010,9.75,535.81,2
CHEMBL1085699,COC(=O)C1=C(C)NC(C)=C(C(=O)OCCN2CCN(C(c3ccccc3)c3ccccc3)CC2)C1c1cccc([N+](=O)[O-])c1,6000.0,5.22,2010,4.95,610.71,2
CHEMBL1086440,CSc1nc2cc(Cl)c(Oc3cccc(Cl)c3Cl)cc2[nH]1,15000.0,4.82,2010,6.04,359.67,2
CHEMBL108700,C/C(=N\N=C(/S)N1CCCCC1)c1cccc(Br)c1,5000.0,5.3,2004,3.94,340.29,2
CHEMBL108865,C/C(=N\N=C(\N)S)c1cccc(Oc2ccccc2)c1,10000.0,5.0,2004,3.45,285.37,2
CHEMBL109619,CCN(CC)/C(S)=N/N=C(\C)c1cccc(Br)c1,5000.0,5.3,2004,3.8,328.28,2
CHEMBL109893,C/C(=N\N=C(\N)S)c1ccc(Oc2ccccc2)cc1,10000.0,5.0,2004,3.45,285.37,2
CHEMBL1171857,Cc1cc(C(=O)NCC(=O)OC(C(=O)Nc2cc(C(F)(F)F)ccc2Cl)c2ccccc2)ccc1[N+](=O)[O-],400.0,6.4,2010,5.23,549.89,1
CHEMBL1172020,Cc1cc(NC(=O)COC(=O)C(Cc2ccccc2)NC(=O)c2ccco2)no1,38000.0,4.42,2010,2.1,397.39,2
CHEMBL1172021,COc1ccc(Cl)cc1NC(=O)COC(=O)C(CC(C)C)N1C(=O)C2CC=CCC2C1=O,1000.0,6.0,2010,3.2,462.93,1
CHEMBL1172022,CC(C)C(NC(=O)c1ccco1)C(=O)NCC(c1ccco1)N1CCCCC1,7000.0,5.16,2010,2.97,387.48,2
CHEMBL1172971,Cc1ccccc1OCC(=O)NCC(=O)OCC(=O)c1ccc2ccccc2c1,700.0,6.16,2010,3.07,391.42,1
CHEMBL1172972,O=C(CNC(=O)c1ccc(Cl)cc1)OCC(=O)c1ccc2c(c1)OCCO2,500.0,6.3,2010,2.27,389.79,1
CHEMBL1173325,CC(NC(=O)c1ccccc1Cl)C(=O)OC(C(=O)Nc1cc(C(F)(F)F)ccc1Cl)c1ccccc1,11000.0,4.96,2010,6.05,539.34,2
CHEMBL1173672,O=C(CNC(=O)c1ccccc1)OC(C(=O)Nc1cc(C(F)(F)F)ccc1Cl)c1ccccc1,300.0,6.52,2010,5.01,490.87,1
CHEMBL1173673,COCCn1c(C)cc(C(=O)COC(=O)CNC(=O)c2ccccc2)c1C,18000.0,4.75,2010,1.91,372.42,2
CHEMBL1173691,Cc1cc(NC(=O)COC(=O)C(Cc2c[nH]c3ccccc23)NC(=O)c2ccc(F)cc2)no1,3000.0,5.52,2010,3.13,464.45,2
CHEMBL1173692,O=C(CNC(=O)c1ccc(Cl)cc1)OC(C(=O)Nc1ccc(Cl)cc1C(F)(F)F)c1ccccc1,700.0,6.16,2010,5.67,525.31,1
CHEMBL1173694,O=C(COc1ccccc1Br)NCCc1nc2ccccc2[nH]1,800.0,6.1,2018,3.06,374.24,1
CHEMBL117767,Cc1ccc2c(c1)C(=O)C(=O)N2Cc1ccccc1-c1ccccc1,2800.0,5.55,2003,4.39,327.38,1
CHEMBL118210,Cc1cc(C)c2[nH]c(O)c(/N=N/C(=N)S)c2c1,16000.0,4.8,2003,3.44,248.31,2
CHEMBL118355,Cc1cc(Cl)cc2c(/N=N/C(=N)S)c(O)[nH]c12,10500.0,4.98,2003,3.78,268.73,2
CHEMBL118596,O=C1C(=O)N(Cc2ccccc2)c2ccc(I)cc21,90000.0,4.05,2003,3.02,363.15,2
CHEMBL118638,Cc1ccc(C)c(CN2C(=O)C(=O)c3cc(C)ccc32)c1,80000.0,4.1,2003,3.34,279.34,2
CHEMBL119213,NC(=S)/N=N/c1c(O)[nH]c2ccc(Cl)cc12,21000.0,4.68,2003,2.85,254.7,2
CHEMBL119345,Cc1ccc2[nH]c(O)c(/N=N/C(=N)S)c2c1,50000.0,4.3,2003,3.13,234.28,2
CHEMBL119370,NC(=S)/N=N/c1c(O)[nH]c2ccc(I)cc12,9000.0,5.05,2003,2.81,346.15,2
CHEMBL119756,NC(=S)/N=N/c1c(O)[nH]c2ccc(F)cc12,30000.0,4.52,2003,2.34,238.25,2
CHEMBL120254,NC(=S)/N=N/c1c(O)[nH]c2ccc([N+](=O)[O-])cc12,30000.0,4.52,2003,2.11,265.25,2
CHEMBL1241726,Clc1ccc2c(NCCCN3CCOCC3)ccnc2c1,15000.0,4.82,2017,3.02,305.81,2
CHEMBL1275672,CC1S/C(=N/N=C/CCSc2ccccc2)NC1=S,60.0,7.22,2010,3.56,309.49,0
CHEMBL1276198,CC1S/C(=N/N=C/CCSc2ccccc2)NC1=O,400.0,6.4,2012,2.76,293.42,1
CHEMBL1276253,CC1S/C(=N/N=C/CCSc2ccc(Cl)cc2)NC1=O,200.0,6.7,2010,3.42,327.86,1
CHEMBL1276301,Cc1ccc(SC/C=N/N=C2\NC(=O)C(C)S2)cc1,20400.0,4.69,2010,2.68,293.42,2
CHEMBL1288521,CC(C)(F)C[C@H](N[C@@H](c1ccc(-c2ccc(S(C)(=O)=O)cc2)cc1)C(F)(F)F)C(=O)N[C@H](C#N)CCc1ccccc1,510.0,6.29,2010,6.1,603.68,1
CHEMBL1288523,CC(C)(F)C[C@H](N[C@@H](c1ccc(-c2ccc(S(C)(=O)=O)cc2)cc1)C(F)(F)F)C(=O)N[C@H](C#N)Cc1ccc(C#N)cc1F,1.0,9.0,2010,5.72,632.66,0
CHEMBL1288524,CC(C)(F)C[C@H](N[C@@H](c1ccc(-c2ccc(S(C)(=O)=O)cc2)cc1)C(F)(F)F)C(=O)N[C@@H](C#N)Cc1ccc(C#N)cc1F,17.0,7.77,2010,5.72,632.65,0
CHEMBL1288525,CC(C)(F)C[C@H](N[C@@H](c1ccc(-c2ccc(C3(C(N)=O)CC3)cc2)cc1)C(F)(F)F)C(=O)N[C@H](C#N)Cc1ccccc1,3.0,8.52,2010,5.82,594.65,0
CHEMBL1288526,CC(C)(F)C[C@H](N[C@@H](c1ccc(-c2ccc(C3(C(=O)N4CCOCC4)CC3)cc2)cc1)C(F)(F)F)C(=O)N[C@H](C#N)Cc1ccccc1,3.0,8.52,2010,6.19,664.74,0
CHEMBL1288527,CC(C)(F)C[C@H](N[C@@H](c1ccc(-c2ccc([C@@H](O)C(F)F)cc2)cc1)C(F)(F)F)C(=O)N[C@H](C#N)Cc1ccccc1,8.0,8.1,2010,6.6,591.6,0
CHEMBL1288528,CC(C)(F)C[C@H](N[C@@H](c1ccc(-c2ccc(-c3ccncc3)cc2)cc1)C(F)(F)F)C(=O)N[C@H](C#N)Cc1ccccc1,8.0,8.1,2010,7.37,588.65,0
CHEMBL1288529,CS(=O)(=O)c1ccc(-c2ccc([C@H](N[C@@H](Cc3ccccc3)C(=O)N[C@H](C#N)Cc3ccccc3)C(F)(F)F)cc2)cc1,7.0,8.15,2010,5.81,605.68,0
CHEMBL1288530,CC(C)[C@H](N[C@@H](c1ccc(-c2ccc(S(C)(=O)=O)cc2)cc1)C(F)(F)F)C(=O)N[C@H](C#N)Cc1ccc(C#N)cc1F,0.2,9.7,2010,5.24,600.64,0
CHEMBL1288531,CC(C)[C@H](N[C@@H](c1ccc(-c2ccc(C3(C(N)=O)CC3)cc2)cc1)C(F)(F)F)C(=O)N[C@H](C#N)Cc1ccc(C#N)cc1F,0.2,9.7,2010,5.35,605.64,0
CHEMBL1288532,CC(C)[C@H](N[C@@H](c1ccc(-c2ccc([C@@H](O)C(F)F)cc2)cc1)C(F)(F)F)C(=O)N[C@H](C#N)Cc1ccc(C#N)cc1F,0.4,9.4,2010,6.13,602.58,0
CHEMBL1289440,CC(C)(F)C[C@H](N[C@@H](c1ccc(-c2ccc(S(C)(=O)=O)cc2)cc1)C(F)(F)F)C(=O)N[C@H](C#N)Cc1ccccc1,8.0,8.1,2010,5.71,589.66,0
CHEMBL1289441,CC(C)(F)C[C@H](N[C@@H](c1ccc(-c2ccc(S(C)(=O)=O)cc2)cc1)C(F)(F)F)C(=O)NCC#N,183.0,6.74,2010,4.1,499.53,1
CHEMBL1289553,CC(C)(F)C[C@H](N[C@@H](c1ccc(-c2ccc(S(C)(=O)=O)cc2)cc1)C(F)(F)F)C(=O)N[C@H](C#N)CC(F)(F)F,130.0,6.89,2010,5.42,581.55,1
CHEMBL1289660,CC(C)(F)C[C@H](N[C@@H](c1ccc(-c2ccc(S(C)(=O)=O)cc2)cc1)C(F)(F)F)C(=O)N[C@H](C#N)Cc1ccncc1,6.0,8.22,2010,5.1,590.64,0
CHEMBL1289764,CC(C)(F)C[C@H](N[C@@H](c1ccc(-c2cn[nH]c2)cc1)C(F)(F)F)C(=O)N[C@H](C#N)Cc1ccccc1,33.0,7.48,2010,5.03,501.53,0
CHEMBL1289988,CS(=O)(=O)c1ccc(-c2ccc([C@H](N[C@@H](CC3CC3)C(=O)N[C@H](C#N)Cc3ccccc3)C(F)(F)F)cc2)cc1,16.0,7.8,2010,5.37,569.65,0
CHEMBL1290084,CS(=O)(=O)c1ccc(-c2ccc([C@H](N[C@@H](CC(Cl)Cl)C(=O)N[C@H](C#N)Cc3ccccc3)C(F)(F)F)cc2)cc1,0.1,10.0,2010,5.76,612.5,0
CHEMBL1290191,CC(C)[C@H](N[C@@H](c1ccc(-c2ccc(S(C)(=O)=O)cc2)cc1)C(F)(F)F)C(=O)N[C@H](C#N)Cc1ccccc1,2.0,8.7,2010,5.23,557.64,0
CHEMBL1290303,CS(=O)(=O)c1ccc(-c2ccc([C@H](N[C@H](C(=O)N[C@H](C#N)Cc3ccccc3)C3CC3)C(F)(F)F)cc2)cc1,7.0,8.15,2010,4.98,555.62,0
CHEMBL1290418,CC(C)(C)[C@H](N[C@@H](c1ccc(-c2ccc(S(C)(=O)=O)cc2)cc1)C(F)(F)F)C(=O)N[C@H](C#N)Cc1ccccc1,380.0,6.42,2010,5.62,571.66,1
CHEMBL1292,CC(C)/N=c1\cc2n(-c3ccc(Cl)cc3)c3ccccc3nc-2cc1Nc1ccc(Cl)cc1,23000.0,4.8100000000000005,2015,7.49,473.41,2
CHEMBL12998,CCCCCCNC(=O)Nc1ccc(S(=O)(=O)Nc2ccc(CCNC[C@H](O)COc3ccc(O)cc3)cc2)cc1,12000.0,4.92,2010,4.47,584.74,2
CHEMBL1316091,Cc1ccc(OCCn2c(CCNC(=O)C3CCCCC3)nc3ccccc32)cc1,2000.0,5.7,2020,4.66,405.54,1
CHEMBL1346687,Cc1ccccc1OCC(=O)NCCc1nc2ccccc2[nH]1,4100.0,5.39,2014,2.61,309.37,2
CHEMBL1458713,CC(C)C[C@H](NC(=O)[C@@H]1O[C@H]1C(=O)O)C(=O)NCCCCN=C(N)N,1514.0,6.535,2021,-1.46,357.41,1
CHEMBL148139,Clc1ccc2c(NCCN3CCOCC3)ccnc2c1,41000.0,4.39,2017,2.63,291.78,2
CHEMBL151,O=c1cc(-c2ccc(O)c(O)c2)oc2cc(O)cc(O)c12,27300.0,4.56,2013,2.28,286.24,2
CHEMBL1572619,O=C(COc1ccccc1)NCCc1nc2ccccc2[nH]1,10900.0,4.96,2014,2.3,295.34,2
CHEMBL17483,c1ccc(Nc2nc(Nc3ccccc3)c3ccccc3n2)cc1,14000.0,4.85,2021,5.12,312.38,2
CHEMBL181504,CCCC/C(=N\NC(N)=S)c1ccc(Cl)c(Cl)c1,19.005000000000003,7.72,2023,3.72,304.25,0
CHEMBL181752,N/C(S)=N/N=C(\C=C\c1ccccc1)c1ccc(Cl)c(Cl)c1,30.0,7.52,2005,4.66,350.27,0
CHEMBL181902,N/C(S)=N/N=C(/c1ccc(Cl)c(Cl)c1)C1CCCCC1,3000.0,5.52,2005,4.52,330.28,2
CHEMBL182790,N/C(S)=N/N=C(\COc1ccccc1)c1ccc(Cl)c(Cl)c1,30.0,7.52,2005,4.02,354.26,0
CHEMBL182795,Cc1ccc(/C(=N\N=C(\N)S)c2ccc(Cl)c(Cl)c2)cc1,40.0,7.4,2005,4.3,338.26,0
CHEMBL183005,N/C(S)=N/N=C(\CCc1ccccc1)c1ccc(Cl)c(Cl)c1,40.0,7.4,2005,4.57,352.29,0
CHEMBL183396,N/C(S)=N/N=C(/c1ccc(Cl)c(Cl)c1)C1CC1c1ccccc1,30.0,7.52,2005,4.75,364.3,0
CHEMBL183767,N/C(S)=N/N=C(\Cc1ccccc1)c1ccc(Cl)c(Cl)c1,79.99000000000001,7.1,2005,4.18,338.26,0
CHEMBL1922311,Nc1c(C2=NCCN2)cnn1-c1cc(Cl)cc(Cl)c1,24000.0,4.62,2019,2.11,296.16,2
CHEMBL195454,CC(C)C[C@H](N[C@@H](c1ccc(-c2ccc(N3CCNCC3)cc2)cc1)C(F)(F)F)C(=O)NCC#N,1.8,8.74,2021,4.01,487.57,0
CHEMBL2042780,O=C(/C=C/c1ccccc1)N/N=C/c1ccccc1O,52200.0,4.28,2012,2.56,266.3,2
CHEMBL2042788,O=C(/C=C/c1ccc2c(c1)OCO2)N/N=C/c1ccccc1O,74800.0,4.13,2012,2.28,310.31,2
CHEMBL2042791,COc1cc(/C=N/NC(=O)/C=C/c2cc(OC)c(OC)c(OC)c2)cc([N+](=O)[O-])c1O,45900.0,4.34,2012,2.5,431.4,2
CHEMBL2042792,COc1cc(/C=C/C(=O)N/N=C/c2ccccc2O)cc([N+](=O)[O-])c1OC,83900.0,4.08,2012,2.48,371.35,2
CHEMBL2042793,COc1cc(/C=N/NC(=O)/C=C/c2cc(OC)c(OC)c([N+](=O)[O-])c2)cc([N+](=O)[O-])c1O,44700.0,4.35,2012,2.4,446.37,2
CHEMBL2042801,COc1ccc2cc(O)c(C(=O)N/N=C/c3c(O)ccc4ccccc34)cc2c1,600.0,6.22,2012,4.18,386.41,1
CHEMBL212718,C=CC(=O)C1=CCCc2ccc(Br)cc21,800.0,6.1,2006,3.53,263.13,1
CHEMBL213224,NC(=S)N/N=C1\CCS(=O)(=O)c2c(Br)cc(Br)cc21,820.0,6.09,2006,1.93,427.14,1
CHEMBL21333,O=C(Nc1cccc2c(=O)cc(-c3nnn[nH]3)oc12)c1ccc(OCCCCc2ccccc2)cc1,37500.0,4.665,2010,4.63,481.51,2
CHEMBL214219,NC(=S)N/N=C1\CCS(=O)(=O)c2ccc(Br)cc21,210.0,6.68,2006,1.16,348.25,1
CHEMBL215671,NC(=S)N/N=C1\CCOc2ccc(Br)cc21,110.0,6.96,2006,1.77,300.18,1
CHEMBL2158132,COc1cc(/C=N/NC(=O)c2nc(-c3ccc(Cl)cc3)no2)ccc1O,40.0,7.4,2012,2.87,372.77,0
CHEMBL2158133,COc1cc(/C=N/NC(=O)c2nc(-c3ccc(Br)cc3)no2)ccc1O,200.0,6.7,2012,2.98,417.22,1
CHEMBL2158234,O=C(N/N=C/c1ccc2c(c1)OCO2)c1nc(-c2ccc(Br)cc2)no1,30.0,7.52,2012,2.99,415.2,0
CHEMBL215980,NC(=S)N/N=C1\CCCc2ccc(Br)cc21,17.0,7.77,2006,2.32,298.21,0
CHEMBL2180339,C/C(COc1ccccc1)=N\N=C1\SCC(=O)N1c1ccccc1,10200.0,4.99,2012,3.58,339.42,2
CHEMBL2180340,C/C(COc1ccccc1)=N\N=C1\SC(C)C(=O)N1c1ccccc1,10800.0,4.97,2012,3.97,353.45,2
CHEMBL2180341,CCC1S/C(=N/N=C(\C)COc2ccccc2)N(c2ccccc2)C1=O,9500.0,5.02,2012,4.36,367.47,2
CHEMBL2180342,C/C(COc1ccccc1)=N\N=C1\SC(C(C)C)C(=O)N1c1ccccc1,6600.0,5.18,2012,4.6,381.5,2
CHEMBL2180344,C/C(COc1ccccc1)=N\N=C1\SC(c2ccccc2)C(=S)N1c1ccccc1,7000.0,5.16,2012,6.12,431.59,2
CHEMBL2180345,CCC1S/C(=N/N=C(\C)COc2ccccc2)NC1=S,18700.0,4.73,2012,3.24,307.44,2
CHEMBL2180346,CCC1S/C(=N/N=C(\C)COc2ccccc2)N(c2ccc(C)cc2)C1=O,11800.0,4.93,2012,4.66,381.5,2
CHEMBL2180347,CCC1S/C(=N/N=C(\C)COc2ccccc2)N(c2ccc(OC)cc2)C1=O,8700.0,5.06,2012,4.36,397.5,2
CHEMBL2180665,C/C(COc1ccccc1)=N\N=C1/NC(=O)C(C(C)C)S1,18900.0,4.72,2012,2.68,305.4,2
CHEMBL2180669,CCC1S/C(=N/N=C(\C)COc2ccccc2)N(C)C1=O,31900.0,4.5,2012,2.78,305.4,2
CHEMBL2180670,C/C(COc1ccccc1)=N\N=C1\SC(C(C)C)C(=O)N1C,8000.0,5.1,2012,3.03,319.43,2
CHEMBL2402102,Cn1nc(C(F)(F)F)cc1-c1ccc(NC(=O)Nc2cccc(C(F)(F)F)c2)s1,3100.0,5.51,2013,5.83,434.37,2
CHEMBL2402103,O=C(Nc1ccc(Cl)cc1)Nc1csc(-c2ccc(C(F)(F)F)cc2)n1,1200.0,5.92,2013,6.13,397.81,1
CHEMBL2402106,CS(=O)(=O)c1sc(C(=O)NC(=S)Nc2ccc(OC(F)(F)F)cc2)c2ccccc12,6900.0,5.16,2013,4.33,474.51,2
CHEMBL2402107,CCOC(=O)c1ccc(NC(=S)NC(=O)c2ccc(Cl)c(Cl)c2)cc1,1900.0,5.72,2013,4.3,397.28,1
CHEMBL2402109,O=C(NC(=S)Nc1ncccc1OCc1ccccc1)c1cccn1S(=O)(=O)c1ccccc1,3000.0,5.52,2013,3.83,492.58,2
CHEMBL2409542,C/C(=N\Nc1nc(-c2ccccc2)cs1)c1ccccn1,1300.0,5.89,2014,4.04,294.38,1
CHEMBL249814,CCOC(=O)[C@H]1O[C@H]1C(=O)[C@H](CCc1ccccc1)NC(=O)[C@H](Cc1ccccc1)NC(=O)OCc1ccccc1,20.0,7.7,2007,3.54,558.63,0
CHEMBL249815,CCOC(=O)[C@@H]1O[C@@H]1C(=O)[C@H](CCc1ccccc1)NC(=O)[C@H](Cc1ccccc1)NC(=O)OCc1ccccc1,50.0,7.3,2007,3.54,558.63,0
CHEMBL259223,CC(C)=CCC/C(C)=C/CC/C(C)=C/CC/C(C)=C/CC1=C(C)C(=O)c2ccccc2C1=O,18000.0,4.75,2010,8.92,444.66,2
CHEMBL289164,O=C(N/N=C/c1ccc(-c2ccccc2[N+](=O)[O-])o1)c1ccccc1O,19952.62,4.7,2002,3.32,351.32,2
CHEMBL289374,CN(C)c1ccc(/C=N/NC(=O)c2ccnc3ccccc23)c2ccccc12,6025.6,5.22,2002,4.22,368.44,2
CHEMBL289764,O=C(N/N=C/c1ccnc2ccccc12)c1ccccc1O,30199.52,4.52,2002,2.7,291.31,2
CHEMBL308954,Cc1cc(C#N)cc(C)c1Oc1nc(Nc2ccc(C#N)cc2)nc(N)c1Br,4000.0,5.4,2010,4.72,435.29,2
CHEMBL31000,OCCNc1ccnc2cc(Cl)ccc12,62000.0,4.21,2018,2.29,222.68,2
CHEMBL313679,CC/C(=N\N=C(\N)S)c1cccc(Br)c1,100.0,7.0,2017,2.81,286.2,1
CHEMBL314026,NC(=S)N1CCC(c2cccc(Br)c2)=N1,200.0,6.7,2002,2.1,284.18,1
CHEMBL31574,O=c1c(O)c(-c2ccc(O)c(O)c2)oc2cc(O)ccc12,30000.0,4.52,2010,2.28,286.24,2
CHEMBL3233081,O=C(COc1ccccc1F)NCCc1nc2ccccc2[nH]1,5300.0,5.28,2014,2.44,313.33,2
CHEMBL3233082,O=C(COc1ccccc1Cl)NCCc1nc2ccccc2[nH]1,3000.0,5.52,2018,2.95,329.79,2
CHEMBL3233083,O=C(COc1ccccc1I)NCCc1nc2ccccc2[nH]1,1600.0,5.8,2014,2.91,421.24,1
CHEMBL3233084,N#Cc1ccccc1OCC(=O)NCCc1nc2ccccc2[nH]1,65100.0,4.19,2014,2.17,320.35,2
CHEMBL3233085,O=C(COc1ccccc1[N+](=O)[O-])NCCc1nc2ccccc2[nH]1,13200.0,4.88,2014,2.21,340.34,2
CHEMBL3233088,O=C(COc1cccc(Br)c1)NCCc1nc2ccccc2[nH]1,800.0,6.1,2014,3.06,374.24,1
CHEMBL3233089,O=C(COc1ccc(Br)cc1)NCCc1nc2ccccc2[nH]1,2700.0,5.57,2014,3.06,374.24,1
CHEMBL3233090,O=C(COc1cccc2ccccc12)NCCc1nc2ccccc2[nH]1,5200.0,5.28,2018,3.45,345.4,2
CHEMBL3233091,O=C(COc1ccc2ccccc2c1)NCCc1nc2ccccc2[nH]1,3000.0,5.52,2018,3.45,345.4,2
CHEMBL3233092,O=Cc1c(OCC(=O)NCCc2nc3ccccc3[nH]2)ccc2ccccc12,13500.0,4.87,2014,3.27,373.41,2
CHEMBL3233093,O=C(COc1ccc2ccccc2c1CO)NCCc1nc2ccccc2[nH]1,12700.0,4.9,2014,2.95,375.43,2
CHEMBL3233094,O=C(COc1ccc2ccccc2c1O)NCCc1nc2ccccc2[nH]1,8200.0,5.09,2014,3.16,361.4,2
CHEMBL3233095,O=C(COc1ccc2ccccc2c1Br)NCCc1nc2ccccc2[nH]1,210.0,6.68,2018,4.22,424.3,1
CHEMBL3233096,O=C(CCc1ccccc1Br)NCCc1nc2ccccc2[nH]1,77500.0,4.11,2014,3.62,372.27,2
CHEMBL3233097,O=C(CSc1ccccc1)NCCc1nc2ccccc2[nH]1,38400.0,4.42,2014,3.01,311.41,2
CHEMBL3233115,C=CCCn1c(CCNC(=O)COc2ccccc2Cl)nc2ccccc21,23900.0,4.62,2018,4.0,383.88,2
CHEMBL3233116,CC(=O)n1c(CCNC(=O)COc2ccc(Br)cc2)nc2ccccc21,9900.0,5.0,2014,3.2,416.28,2
CHEMBL3233118,O=C(COc1ccc2ccccc2c1Br)NCCc1nc2cc(Cl)ccc2[nH]1,595.0,6.225,2014,4.87,458.74,1
CHEMBL3233119,COc1ccc2[nH]c(CCNC(=O)COc3ccc4ccccc4c3Br)nc2c1,540.0,6.27,2014,4.22,454.32,1
CHEMBL3233120,Cc1ccc2[nH]c(CCNC(=O)COc3ccc4ccccc4c3Br)nc2c1,615.0,6.21,2020,4.52,438.33,1
CHEMBL323975,C/C(=N\N=C(\N)S)c1ccc(-c2ccccc2)cc1,5000.0,5.3,2023,3.32,269.37,2
CHEMBL324722,COc1cccc(CN2C(=O)C(=O)c3cc(C)ccc32)c1,2000.0,5.7,2003,2.73,281.31,1
CHEMBL326185,O=C1C(=O)N(C(=O)OCc2ccccc2)c2ccc(Cl)cc21,80000.0,4.1,2003,3.21,315.71,2
CHEMBL326220,C/C(=N\N=C(/S)N1CCN(C)CC1)c1cccc(Br)c1,5000.0,5.3,2004,2.71,355.31,2
CHEMBL327577,N/C(S)=N/N=C/c1ccc(-c2ccc(Cl)cc2)o1,650.0,6.26,2002,3.18,279.75,1
CHEMBL3291135,Cc1c(/C=N/NC(=O)c2ccc([N+](=O)[O-])cc2)no[n+]1[O-],11200.0,4.95,2014,0.29,291.22,2
CHEMBL3291142,O=C(N/N=C/c1c(-c2ccccc2)no[n+]1[O-])c1ccc([N+](=O)[O-])cc1,15100.0,4.82,2014,1.65,353.29,2
CHEMBL329128,N/C(S)=N/N=C/c1ccc(-c2cccc(Cl)c2)o1,140.0,6.85,2002,3.18,279.75,1
CHEMBL329346,NC(=S)N1CCC(c2ccc(Cl)c(Cl)c2)=N1,60.0,7.22,2002,2.65,274.18,0
CHEMBL330050,C/C(=N\N=C(\N)S)c1cccc(C(F)(F)F)c1,170.0,6.77,2023,2.67,261.27,1
CHEMBL330585,O=C(N[C@@H](Cc1ccccc1)C(=O)N[C@@H](CCc1ccccc1)C(=O)[C@@H]1CO1)OCc1ccccc1,10.0,8.0,2007,3.61,486.57,0
CHEMBL3329473,Cc1ccc(SCC/C=N/NC2=NC(=O)C(C)S2)cc1,20400.0,4.69,2014,3.07,307.44,2
CHEMBL3329474,CC1SC(N/N=C/CCCSc2ccccc2)=NC1=O,400.0,6.4,2014,3.15,307.44,1
CHEMBL3329506,Brc1ccc(-c2csc(N/N=C/c3ccccn3)n2)cc1,9500.0,5.02,2014,4.41,359.25,2
CHEMBL3329513,O=[N+]([O-])c1cccc(-c2csc(N/N=C/c3ccccn3)n2)c1,1300.0,5.89,2014,3.56,325.35,1
CHEMBL3329515,C/C(=N\Nc1nc(-c2ccc(C)cc2)cs1)c1ccccn1,400.0,6.4,2014,4.35,308.41,1
CHEMBL3329518,C/C(=N\Nc1nc(-c2ccc(F)cc2)cs1)c1ccccn1,300.0,6.52,2014,4.18,312.37,1
CHEMBL3329519,COc1ccc(-c2csc(N/N=C(\C)c3ccccn3)n2)cc1,40.0,7.4,2014,4.05,324.41,0
CHEMBL3329520,C/C(=N\Nc1nc(-c2ccc(Cl)cc2Cl)cs1)c1ccccn1,4800.0,5.32,2014,5.35,363.27,2
CHEMBL3329521,C/C(=N\Nc1nc(-c2ccc(Cl)c(Cl)c2)cs1)c1ccccn1,400.0,6.4,2014,5.35,363.27,1
CHEMBL3329524,C/C(=N\Nc1nc(-c2ccc3ccccc3c2)cs1)c1ccccn1,10.0,8.0,2014,5.19,344.44,0
CHEMBL333067,O=C1C(=O)N(Cc2ccc(Cl)cc2)c2ccc(Cl)cc21,6000.0,5.22,2003,3.72,306.15,2
CHEMBL333137,NC(=S)/N=N/c1c(O)[nH]c2ccccc12,8000.0,5.1,2003,2.2,220.26,2
CHEMBL3352910,CC1(C)CCc2cc(CCC(=O)c3c(O)cc4c(c3O)CCC(C)(C)O4)ccc2O1,21600.0,4.67,2014,5.12,410.51,2
CHEMBL3352911,CC(C)=CCc1cc(CCC(=O)c2c(O)cc3c(c2O)CCC(C)(C)O3)ccc1O,12000.0,4.92,2014,5.23,410.51,2
CHEMBL3352912,CC1(C)CCc2c(cc(O)c(C(=O)CCc3ccc4c(c3)CC3C(C)(C)CCCC3(C)O4)c2O)O1,8700.0,5.06,2014,6.54,478.63,2
CHEMBL3360923,CC(C)=CCC/C(C)=C\Cc1c(O)cc(O)c(C(=O)CCc2ccc(O)cc2)c1O,7100.0,5.15,2014,5.56,410.51,2
CHEMBL336693,O=C1C(=O)N(Cc2ccccc2)c2ccc(Cl)cc21,90000.0,4.05,2003,3.07,271.7,2
CHEMBL3558756,COC1=CC(=O)N(C(=O)/C=C/[C@H](C)NC(=O)[C@H](CC(C)C)NC(=O)[C@H](CC(C)C)NC(=O)[C@H](C(C)C)N(C)C)[C@H]1Cc1c[nH]c2ccccc12,0.11,9.96,2022,3.69,692.9,0
CHEMBL3613569,NC(=S)N/N=C(/COc1ccc(Br)cc1)c1ccc(-c2ccccc2)cc1,600.0,6.22,2015,4.73,440.37,1
CHEMBL3613582,NC(=S)N/N=C(\COc1ccc(F)cc1)c1ccc(Br)cc1,400.0,6.4,2015,3.2,382.26,1
CHEMBL3613583,NC(=S)N/N=C(\COc1ccc(F)c(Cl)c1)c1ccc(Br)cc1,70.0,7.16,2015,3.86,416.7,0
CHEMBL3613587,NC(=S)N/N=C(\COc1ccc(Cl)c(Cl)c1)c1ccc(Br)cc1,8.0,8.1,2015,4.37,433.16,0
CHEMBL3627733,C[C@@](NCc1ccc2occc2c1)(c1cn(C(CCS(C)(=O)=O)C(=O)COc2c(F)c(F)cc(F)c2F)nn1)C1CCCC1,790.0,6.1,2015,5.4,636.67,1
CHEMBL3628590,CCCCC(C(=O)COc1c(F)c(F)cc(F)c1F)n1cc([C@@](C)(NC(=O)c2ccc3ncccc3c2)C(C)C)nn1,1350.0,5.87,2015,6.06,585.6,1
CHEMBL3628591,CC(C)[C@](C)(NCc1ccc2ncccc2c1)c1cn(C(CCS(C)(=O)=O)C(=O)COc2c(F)c(F)cc(F)c2F)nn1,560.0,6.25,2015,4.67,621.66,1
CHEMBL3628592,COCCC(C(=O)COc1c(F)c(F)cc(F)c1F)n1cc([C@@](C)(NCc2ccc3ncccc3c2)C(C)C)nn1,340.0,6.47,2015,5.27,573.59,1
CHEMBL3628932,CCCCC(C(=O)COc1c(F)c(F)cc(F)c1F)n1cc([C@@](C)(NCc2ccncc2)C(C)C)nn1,1100.0,5.96,2015,5.27,521.56,1
CHEMBL3628933,CCCCC(C(=O)COc1c(F)c(F)cc(F)c1F)n1cc([C@@](C)(NC(=O)c2ccncc2)C(C)C)nn1,23000.0,4.64,2015,4.91,535.54,2
CHEMBL3628934,CCCCC(C(=O)COc1c(F)c(F)cc(F)c1F)n1cc([C@@](C)(NCc2ccc3ncsc3c2)C(C)C)nn1,37.0,7.43,2015,6.48,577.65,0
CHEMBL3628935,CCCCC(C(=O)COc1c(F)c(F)cc(F)c1F)n1cc([C@@](C)(NC(=O)c2ccc3ncsc3c2)C(C)C)nn1,3590.0,5.45,2015,6.12,591.63,2
CHEMBL3628936,CC(C)[C@](C)(NCc1ccc2ncsc2c1)c1cn(C(CCS(C)(=O)=O)C(=O)COc2c(F)c(F)cc(F)c2F)nn1,125.0,6.9,2015,4.73,627.69,1
CHEMBL3628937,COCCC(C(=O)COc1c(F)c(F)cc(F)c1F)n1cc([C@@](C)(NCc2ccc3ncsc3c2)C(C)C)nn1,63.0,7.2,2015,5.33,579.62,0
CHEMBL3628938,CCCCC(C(=O)COc1c(F)c(F)cc(F)c1F)n1cc([C@@](C)(NCc2ccc3ncsc3c2)C2CCCC2)nn1,5.0,8.3,2015,7.02,603.69,0
CHEMBL3628939,C[C@@](NCc1ccc2ncsc2c1)(c1cn(C(CCS(C)(=O)=O)C(=O)COc2c(F)c(F)cc(F)c2F)nn1)C1CCCC1,25.0,7.6,2015,5.26,653.72,0
CHEMBL3628941,CC(C)[C@](C)(NCc1ccc2occc2c1)c1cn(C(CCS(C)(=O)=O)C(=O)COc2c(F)c(F)cc(F)c2F)nn1,880.0,6.06,2015,4.87,610.63,1
CHEMBL3628942,CCCCC(C(=O)COc1c(F)c(F)cc(F)c1F)n1cc([C@@](C)(NCc2ccn3nccc3n2)C(C)C)nn1,75.0,7.12,2015,4.92,561.58,0
CHEMBL3628943,CCCCC(C(=O)COc1c(F)c(F)cc(F)c1F)n1cc([C@@](C)(NCc2ccn3nccc3n2)C2CCCC2)nn1,3.0,8.52,2018,5.45,587.62,0
CHEMBL3628944,CC(C)[C@](C)(NCc1ccn2nccc2n1)c1cn(C(CCS(C)(=O)=O)C(=O)COc2c(F)c(F)cc(F)c2F)nn1,467.0,6.33,2015,3.16,611.62,1
CHEMBL3628945,COCCC(C(=O)COc1c(F)c(F)cc(F)c1F)n1cc([C@@](C)(NCc2ccn3nccc3n2)C2CCCC2)nn1,2820.0,5.55,2015,4.3,589.59,2
CHEMBL373586,CC/C(=N\NC(N)=S)c1cccc([N+](=O)[O-])c1,758.58,6.12,2006,1.54,252.3,1
CHEMBL374508,CC(C)C[C@H](NC(=O)[C@H]1O[C@@H]1C(=O)O)C(=O)NCCCCN=C(N)N,210.0,7.050000000000001,2016,-1.46,357.41,1
CHEMBL376207,NC(=S)N/N=C(\c1ccccc1)c1cccc(Br)c1,80.0,7.1,2006,3.03,334.24,0
CHEMBL3785388,Cc1ccc(C)c(SC/C=N/NC(N)=S)c1,3300.0,5.48,2019,2.21,253.4,2
CHEMBL3785430,CC/C(=N\Nc1nc(-c2ccccc2)cs1)c1cccc(Br)c1,44600.0,4.35,2016,5.8,386.32,2
CHEMBL3785603,CC/C(=N\Nc1nc(-c2ccc(C)cc2)cs1)c1cccc(Br)c1,19200.0,4.72,2016,6.11,400.35,2
CHEMBL378621,CC(=O)C1=CCCc2ccccc21,1360.0,5.87,2006,2.61,172.23,1
CHEMBL3786939,C/C(=N\Nc1nc(C)cs1)c1ccc(Cl)c(Cl)c1,600.0,6.22,2017,4.59,300.21,1
CHEMBL3787052,NC(=S)N/N=C/CSc1cccc(Cl)c1,19000.0,4.72,2019,2.25,259.79,2
CHEMBL3787543,CC/C(=N\Nc1nc(-c2ccc(Br)cc2)c(C)s1)c1cccc(Br)c1,3800.0,5.42,2016,6.87,479.24,2
CHEMBL3787688,CC/C(=N\Nc1nc(-c2cccc([N+](=O)[O-])c2)cs1)c1cccc(Br)c1,14600.0,4.84,2016,5.71,431.32,2
CHEMBL3827174,C=CCn1c(C)c(C(=O)OCC)s/c1=N\c1sc2c(c1C(=O)OCC)CCCC2,85000.0,4.07,2016,4.57,434.58,2
CHEMBL3828195,C=CCN1C(=O)C(CC(=O)O)S/C1=N\c1sc2c(c1C(=O)OCC)CCCC2,50000.0,4.3,2016,3.4,422.53,2
CHEMBL3828526,C=CCn1c(-c2ccccc2)cs/c1=N\c1sc2c(c1C(=O)OCC)CCCC2,2400.0,5.62,2016,5.75,424.59,1
CHEMBL384296,NC(=S)NN=C(c1cccc(Br)c1)c1cccc(Br)c1,24.0,7.62,2006,3.8,413.14,0
CHEMBL38462,O=C(N/N=C/c1ccc(-c2ccc(Cl)cc2)o1)c1ccccc1O,100000.0,4.0,2002,4.07,340.77,2
CHEMBL385682,NC(=S)N/N=C1\CCCc2c(Br)cccc21,1200.0,5.92,2006,2.32,298.21,1
CHEMBL38981,O=C(N/N=C/c1ccc([N+](=O)[O-])o1)c1cc2ccccc2cc1O,6025.6,5.22,2002,2.81,325.28,2
CHEMBL39161,O=C(N/N=C/c1ccc(-c2ccccc2Cl)o1)c1cc2ccccc2cc1O,602.56,6.22,2002,5.22,390.83,1
CHEMBL39253,COc1ccc2cc(O)c(C(=O)N/N=C/c3ccc(-c4cc(C(F)(F)F)nn4C)s3)cc2c1,199.53,6.7,2002,4.8,474.46,1
CHEMBL39255,O=C(N/N=C/c1ccc(-c2cccc([N+](=O)[O-])c2)o1)c1ccc2ccccc2c1,6025.6,5.22,2002,4.77,385.38,2
CHEMBL3952071,C/C(=N\NC(N)=S)c1cc2ccccc2oc1=O,68.0,7.17,2025,1.35,261.31,0
CHEMBL39723,CN(C)c1ccc(/C=N/NC(=O)c2ccc(O)c(O)c2)c2ccccc12,16218.1,4.79,2002,3.08,349.39,2
CHEMBL39814,CN(C)c1ccc(/C=N/NC(=O)c2ccccc2)c2ccccc12,501.19,6.3,2002,3.67,317.39,1
CHEMBL39878,CCCCC/C=C\C/C=C\C/C=C\C/C=C\CCCC(=O)Nc1ccc(O)cc1,30000.0,4.52,2010,7.48,395.59,2
CHEMBL399361,CC(C)C[C@H](N[C@@H](c1ccc(-c2ccc(S(C)(=O)=O)cc2)cc1)C(F)(F)F)C(=O)N[C@H](C#N)Cc1ccccc1,0.2,9.7,2010,5.62,571.67,0
CHEMBL40119,COc1cc(OC)cc(C(=O)N/N=C/c2ccc(C(=O)O)o2)c1,10000.0,5.0,2002,1.76,318.29,2
CHEMBL40165,CSc1ccc(/C=N/NC(=O)c2cccc(C)c2O)s1,10000.0,5.0,2002,3.25,306.41,2
CHEMBL40503,O=C(N/N=C/c1cc(Br)cs1)c1cnc2ccccc2c1,30199.52,4.52,2002,3.82,360.24,2
CHEMBL405110,CN(C)c1ccc2nc3ccc(N(C)C)cc3[s+]c2c1.[Cl-],70000.0,4.165,2010,2.5,319.86,2
CHEMBL406038,CC1CN(C(=N)S)N=C1c1cccc(Br)c1,80.0,7.1,2002,2.97,298.21,0
CHEMBL415311,N/C(S)=N/N=C/c1ccc(Cl)c(Cl)c1,460.0,6.34,2022,2.57,248.14,1
CHEMBL4161560,NC1=NS(=O)(=O)N(Cc2ccccc2)c2nc(-c3ccccc3)n(Cc3ccccc3)c21,81000.0,4.09,2017,3.57,443.53,2
CHEMBL416237,O=C(N/N=C/c1ccc([N+](=O)[O-])o1)c1cccc([N+](=O)[O-])c1,5011.87,5.3,2002,1.86,304.22,2
CHEMBL4165151,C/C(=N\Nc1nc(C)c(C)s1)c1ccc(Cl)c(Cl)c1,9000.0,5.05,2017,4.9,314.24,2
CHEMBL4168973,NC1=NS(=O)(=O)Nc2nc(Cc3ccccc3)[nH]c21,23000.0,4.64,2017,0.38,277.31,2
CHEMBL4172128,NC1=NS(=O)(=O)Nc2nc(C3CCCCC3)[nH]c21,12000.0,4.92,2017,0.83,269.33,2
CHEMBL4176677,NC1=NS(=O)(=O)N(Cc2ccc(Cl)cc2)c2nc(-c3ccccc3F)[nH]c21,86000.0,4.07,2017,2.84,405.84,2
CHEMBL418861,NC(=S)/N=N/c1c(O)[nH]c2ccc(Br)cc12,20000.0,4.7,2003,2.96,299.15,2
CHEMBL420616,CC/C(=N\N=C(/S)Nc1ccc(C(F)(F)F)cc1)c1cccc(Br)c1,1600.0,5.8,2002,5.98,430.29,1
CHEMBL421363,N/C(S)=N/N=C/c1cc(Cl)cc(Cl)c1,560.0,6.25,2002,2.57,248.14,1
CHEMBL4237990,CCOC(=O)/C=C/C(=O)[C@H](CC(C)C)NC(=O)[C@H](CC(C)C)NC(=O)N1CCOCC1,200.0,6.7,2018,1.66,439.55,1
CHEMBL4238441,CCOC(=O)/C=C/C(=O)[C@@H](CC(C)C)NC(=O)[C@H](Cc1ccccc1)NC(=O)OCc1ccccc1,20.0,7.7,2018,3.74,494.59,0
CHEMBL4240920,CCOC(=O)/C=C/C(=O)[C@H](C)NC(=O)[C@H](Cc1ccccc1)NC(=O)OCc1ccccc1,300.0,6.52,2018,2.72,452.51,1
CHEMBL4242138,CCOC(=O)/C=C/C(=O)[C@H](CCc1ccccc1)NC(=O)[C@H](Cc1ccccc1)NC(=O)N1CCOCC1,300.0,6.52,2018,2.45,521.61,1
CHEMBL4244656,CCOC(=O)/C=C/C(=O)[C@H](CC(C)C)NC(=O)[C@H](Cc1ccccc1)NC(=O)OCc1ccccc1,20.0,7.7,2018,3.74,494.59,0
CHEMBL4245127,CCOC(=O)/C=C/C(=O)[C@H](CCc1ccccc1)NC(=O)[C@H](CC(C)C)NC(=O)OCc1ccccc1,80.0,7.1,2018,4.13,508.62,0
CHEMBL4247707,CCOC(=O)/C=C/C(=O)[C@@H](CCc1ccccc1)NC(=O)[C@H](Cc1ccccc1)NC(=O)N1CCOCC1,330.0,6.48,2018,2.45,521.61,1
CHEMBL4248915,CCOC(=O)/C=C/C(=O)[C@H](C)NC(=O)[C@H](CC(C)C)NC(=O)OCc1ccccc1,630.0,6.2,2018,2.52,418.49,1
CHEMBL4249696,CCOC(=O)/C=C/C(=O)[C@H](CCc1ccccc1)NC(=O)[C@H](CC(C)C)NC(=O)N1CCOCC1,340.0,6.47,2018,2.25,487.6,1
CHEMBL4250264,CCOC(=O)/C=C/[C@@H](O)[C@H](CCc1ccccc1)NC(=O)[C@H](Cc1ccccc1)NC(=O)N1CCOCC1,3750.0,5.43,2018,2.24,523.63,2
CHEMBL44,O=c1c(-c2ccc(O)cc2)coc2cc(O)cc(O)c12,82700.0,4.08,2013,2.58,270.24,2
CHEMBL4441303,CC[C@H](C)[C@@H](C(=O)O[C@@H](CC(C)C)C(=O)N[C@@H](CC(C)C)C(=O)N[C@H](/C=C/C(=O)N1C(=O)C=C(OC)[C@@H]1CC(C)C)Cc1ccccc1)N(C)C,1.08,8.97,2019,5.05,710.96,0
CHEMBL444202,[O-][n+]1onc2ccc(/C=N/N=C/c3ccccc3O)cc21,68000.0,4.17,2008,1.62,282.26,2
CHEMBL4445744,COC1=CC(=O)N(C(=O)/C=C/[C@H](C)NC(=O)[C@H](CC(C)C)NC(=O)[C@H](CC(C)C)OC(=O)[C@H](Cc2ccccc2)N(C)C)[C@H]1Cc1ccccc1,0.73,9.14,2019,4.22,702.89,0
CHEMBL4457500,COC1=CC(=O)N(C(=O)/C=C/[C@H](C)NC(=O)[C@H](CC(C)C)NC(=O)[C@H](CC(C)C)OC(=O)[C@H](C(C)C)N(C)C)[C@H]1C,2.89,8.54,2019,2.41,578.75,0
CHEMBL4468530,CC[C@H](C)[C@@H](C(=O)O[C@@H](CC(C)C)C(=O)N[C@@H](CC(C)C)C(=O)N[C@@H](/C=C/C(=O)N1C(=O)C=C(OC)[C@@H]1Cc1ccccc1)Cc1ccccc1)N(C)C,81.0,7.09,2019,5.25,744.97,0
CHEMBL4470415,CCCC(=O)Oc1ccc(C2Oc3cc(OC(=O)CCC)cc(O)c3C(=O)C2c2c(OC(=O)CCC)cc(O)c3c(=O)cc(-c4ccc(OC(=O)CCC)c(OC(=O)CCC)c4)oc23)cc1,8100.0,5.09,2019,9.5,906.93,2
CHEMBL4471760,COC1=CC(=O)N(C(=O)/C=C/[C@H](Cc2ccccc2)NC(=O)[C@H](CC(C)C)NC(=O)[C@H](CC(C)C)OC(=O)[C@H](Cc2ccccc2)N(C)C)[C@H]1Cc1ccccc1,1.35,8.87,2019,5.44,778.99,0
CHEMBL4474668,CC[C@H](C)[C@@H](C(=O)O[C@@H](CC(C)C)C(=O)N[C@@H](CC(C)C)C(=O)N[C@H](/C=C/C(=O)N1C(=O)C=C(OC)[C@H]1Cc1ccccc1)Cc1ccccc1)N(C)C,1.07,8.97,2019,5.25,744.97,0
CHEMBL4475810,COC1=CC(=O)N(C(=O)/C=C/[C@H](Cc2ccccc2)NC(=O)[C@H](CC(C)C)NC(=O)[C@H](CC(C)C)OC(=O)[C@H](Cc2ccccc2)N(C)C)[C@H]1C,1.2,8.92,2019,4.22,702.89,0
CHEMBL4482954,CC[C@H](C)[C@@H](C(=O)O[C@@H](CC(C)C)C(=O)N[C@@H](CC(C)C)C(=O)N[C@@H](C)/C=C/C(=O)N1C(=O)C=C(OC)[C@@H]1CC(C)C)N(C)C,0.49,9.31,2019,3.83,634.86,0
CHEMBL4514842,CC[C@H](C)[C@@H](C(=O)O[C@@H](CC(C)C)C(=O)N[C@@H](CC(C)C)C(=O)N[C@@H](/C=C/C(=O)N1C(=O)C=C(OC)[C@H]1Cc1ccccc1)Cc1ccccc1)N(C)C,37.14,7.43,2019,5.25,744.97,0
CHEMBL4527329,CC[C@H](C)[C@@H](C(=O)O[C@@H](CC(C)C)C(=O)N[C@@H](CC(C)C)C(=O)N[C@H](/C=C/C(=O)N1C(=O)C=C(OC)[C@@H]1C)Cc1ccccc1)N(C)C,0.84,9.08,2019,4.02,668.88,0
CHEMBL4527867,CC[C@H](C)[C@@H](C(=O)O[C@@H](CC(C)C)C(=O)N[C@@H](CC(C)C)C(=O)N[C@H](/C=C/C(=O)N1C(=O)C=C(OC)[C@@H]1Cc1ccccc1)Cc1ccccc1)N(C)C,1.15,8.94,2019,5.25,744.97,0
CHEMBL4527930,C#CCCCCOC1=CC(=O)N(C(=O)/C=C/[C@H](C)NC(=O)[C@H](CC(C)C)NC(=O)[C@H](CC(C)C)OC(=O)[C@H]([C@@H](C)CC)N(C)C)[C@@H]1C,0.47,9.33,2019,3.97,658.88,0
CHEMBL453633,O=[N+]([O-])c1ccc(/C=N/Nc2nccc(C(F)(F)F)n2)cc1,100000.0,4.0,2008,2.85,311.22,2
CHEMBL454688,CC(C)C[C@@H]1N[C@@H](C(=O)Nc2ccccc2)CCCCC[C@@H](/C=C/S(=O)(=O)c2ccccc2)NC1=O,2000.0,5.7,2008,4.43,511.69,1
CHEMBL455669,FC(F)(F)c1ccnc(N/N=C/c2ccc(Cl)cc2)n1,85000.0,4.07,2008,3.59,300.67,2
CHEMBL4557939,CC(C)(F)C[C@H](N[C@@H](c1ccc(-c2ccc(N3CCNCC3)cc2)cc1)C(F)(F)F)C(=O)NCC#N,0.8,9.1,2019,4.1,505.56,0
CHEMBL4564747,CC[C@H](C)[C@@H](C(=O)O[C@@H](CC(C)C)C(=O)N[C@@H](CC(C)C)C(=O)N[C@@H](C)/C=C/C(=O)N1C(=O)C=C(OC)[C@@H]1Cc1ccccc1)N(C)C,0.76,9.12,2019,4.02,668.88,0
CHEMBL4582558,COC1=CC(=O)N(C(=O)/C=C/[C@H](Cc2ccccc2)NC(=O)[C@H](CC(C)C)NC(=O)[C@H](CC(C)C)OC(=O)[C@H](Cc2ccccc2)N(C)C)[C@@H]1Cc1ccccc1,3.69,8.43,2019,5.44,778.99,0
CHEMBL4594757,COC1=CC(=O)N(C(=O)/C=C/[C@H](C)NC(=O)[C@H](CC(C)C)NC(=O)[C@H](CC(C)C)NC(=O)C2CCN(C)CC2)[C@H]1Cc1c[nH]c2ccccc12,0.19,9.72,2022,3.44,690.89,0
CHEMBL4594870,COC1=CC(=O)N(C(=O)/C=C/[C@H](C)NC(=O)[C@H](CC(C)C)NC(=O)[C@H](CC2CCCCC2)NC(=O)C2CCN(C)CC2)[C@H]1Cc1c[nH]c2ccccc12,0.086,10.07,2022,4.37,730.95,0
CHEMBL4595223,COC1=CC(=O)N(C(=O)/C=C/[C@H](C)NC(=O)[C@H](CC2CCCCC2)NC(=O)[C@H](CC(C)C)NC(=O)C2CCN(C)CC2)[C@H]1Cc1c[nH]c2ccccc12,1.35,8.87,2022,4.37,730.95,0
CHEMBL4595559,COC1=CC(=O)N(C(=O)/C=C/[C@H](C)NC(=O)[C@H](CC2CCCCC2)NC(=O)[C@H](CC2CCCCC2)NC(=O)C2CCN(C)CC2)[C@H]1Cc1c[nH]c2ccccc12,4.95,8.3,2022,5.29,771.02,0
CHEMBL4595664,COC1=CC(=O)N(C(=O)/C=C/[C@H](C)NC(=O)[C@H](CC(C)C)NC(=O)[C@H](Cc2ccccc2)NC(=O)[C@H](C(C)C)N(C)C)[C@H]1Cc1c[nH]c2ccccc12,0.85,9.07,2022,3.88,726.92,0
CHEMBL4595806,COC1=CC(=O)N(C(=O)/C=C/[C@H](C)NC(=O)[C@H](CCc2ccccc2)NC(=O)[C@H](CC(C)C)NC(=O)[C@H](C(C)C)N(C)C)[C@H]1Cc1c[nH]c2ccccc12,0.49,9.31,2022,4.27,740.95,0
CHEMBL4596414,COC1=CC(=O)N(C(=O)/C=C/[C@H](C)NC(=O)[C@H](CC(C)C)NC(=O)[C@H](CC2CCCCC2)NC(=O)[C@H](C(C)C)N(C)C)[C@H]1Cc1c[nH]c2ccccc12,0.081,10.09,2022,4.61,732.97,0
CHEMBL4596647,COC1=CC(=O)N(C(=O)/C=C/[C@H](CCc2ccccc2)NC(=O)[C@H](CC(C)C)NC(=O)[C@H](CC(C)C)NC(=O)[C@H](C(C)C)N(C)C)[C@H]1Cc1c[nH]c2ccccc12,0.09,10.05,2022,5.3,783.03,0
CHEMBL4596941,COC1=CC(=O)N(C(=O)/C=C/[C@H](C)NC(=O)[C@H](CC2CCCCC2)NC(=O)[C@H](CC(C)C)NC(=O)[C@H](C(C)C)N(C)C)[C@H]1Cc1c[nH]c2ccccc12,0.34,9.47,2022,4.61,732.97,0
CHEMBL4596992,COC1=CC(=O)N(C(=O)/C=C/[C@H](C)NC(=O)[C@H](CC2CCCCC2)NC(=O)[C@H](CC2CCCCC2)NC(=O)[C@H](C(C)C)N(C)C)[C@H]1Cc1c[nH]c2ccccc12,0.74,9.13,2022,5.54,773.03,0
CHEMBL4597308,COC1=CC(=O)N(C(=O)/C=C/[C@@H](NC(=O)[C@H](CC(C)C)NC(=O)[C@H](CC2CCCCC2)NC(=O)[C@H](C(C)C)N(C)C)C2CCCCC2)[C@H]1Cc1c[nH]c2ccccc12,0.71,9.15,2022,6.17,801.09,0
CHEMBL4598338,COC1=CC(=O)N(C(=O)/C=C/[C@H](C)NC(=O)[C@H](CCc2ccccc2)NC(=O)[C@H](CC2CCCCC2)NC(=O)[C@H](C(C)C)N(C)C)[C@H]1Cc1c[nH]c2ccccc12,1.14,8.94,2022,5.2,781.01,0
CHEMBL460050,[O-][n+]1onc2ccc(/C=N/NC(=S)Nc3ccccc3)cc21,78000.0,4.11,2008,1.78,313.34,2
CHEMBL460418,OCCCNc1ccnc2cc(Cl)ccc12,28000.0,4.55,2017,2.68,236.7,2
CHEMBL462539,Cc1cc(C(F)(F)F)nc(N/N=C/c2ccc(Cl)cc2)n1,100000.0,4.0,2008,3.9,314.7,2
CHEMBL470290,[O-][n+]1onc2ccc(/C=N/N=C/c3ccc(O)c(Br)c3)cc21,73000.0,4.14,2008,2.38,361.15,2
CHEMBL470902,NC(=S)N/N=C/c1ccc(OCc2ccc3no[n+]([O-])c3c2)cc1,43000.0,4.37,2008,1.21,343.37,2
CHEMBL4743580,CC/C(=N\Nc1nc(-c2ccc(Cl)cc2)cs1)c1cccc(Br)c1,32700.0,4.49,2016,6.45,420.76,2
CHEMBL4744489,CC/C(=N\Nc1nc(-c2ccc(F)cc2)cs1)c1cccc(Br)c1,16500.0,4.78,2016,5.94,404.31,2
CHEMBL4744510,CC/C(=N\Nc1nc(-c2ccccc2)c(C)s1)c1cccc(Br)c1,510.0,6.29,2016,6.11,400.35,1
CHEMBL4746565,CC/C(=N\Nc1nc(-c2ccc(Cl)cc2Cl)cs1)c1cccc(Br)c1,15100.0,4.82,2016,7.11,455.21,2
CHEMBL4747507,CC/C(=N\Nc1nc(-c2ccc(Cl)c(Cl)c2)cs1)c1cccc(Br)c1,11300.0,4.95,2016,7.11,455.21,2
CHEMBL4782594,CC/C(=N\Nc1nc(-c2ccc3ccccc3c2)cs1)c1cccc(Br)c1,9500.0,5.02,2016,6.95,436.38,2
CHEMBL4793916,Cl.Cl.Clc1cc(Br)ccc1-c1ccc(CNCC2CCNCC2)o1,26000.0,4.58,2019,4.45,456.64,2
CHEMBL4845877,CC(C)=CCC1=C(O)c2ccccc2/C(=N/NC(=O)c2ccncc2)C1=O,33000.0,4.48,2021,3.42,361.4,2
CHEMBL4848906,O=C(c1ccc(Nc2nc(NCCN3CCOCC3)c3ccccc3n2)cc1)N1CCOCC1,13500.0,4.87,2021,2.59,462.55,2
CHEMBL4849162,O=C(c1ccc(Nc2nc(NCCCO)c3ccccc3n2)cc1)N1CCOCC1,15000.0,4.82,2021,2.64,407.47,2
CHEMBL4849695,Clc1ccc(Nc2nc(NCc3ccccc3)c3ccccc3n2)cc1,2400.0,5.62,2021,5.64,360.85,1
CHEMBL4851626,O=C(c1ccc(Nc2nc(NCc3ccccc3)c3ccccc3n2)cc1)N1CCOCC1,7000.0,5.16,2021,4.46,439.52,2
CHEMBL4854591,OCCCNc1nc(Nc2cccc(F)c2)c2ccccc2n1,25000.0,4.6,2021,3.31,312.35,2
CHEMBL4855177,Clc1ccc(Nc2nc(NCCN3CCOCC3)c3ccccc3n2)cc1,2500.0,5.6,2021,3.77,383.88,1
CHEMBL4859457,CC(C)=CCC1=C(O)c2ccccc2/C(=N/NC(N)=S)C1=O,34000.0,4.47,2021,2.43,315.4,2
CHEMBL4863654,c1ccc(CNc2nc(Nc3nccs3)nc3ccccc23)cc1,16000.0,4.8,2021,4.44,333.42,2
CHEMBL4865594,OCCCNc1nc(Nc2ccc(Cl)cc2)nc2ccccc12,7300.0,5.14,2021,3.82,328.8,2
CHEMBL4877896,O=C1C=C(Nc2ccc(S(=O)(=O)Nc3ccccn3)cc2)C(=O)c2ccccc21,6300.0,5.2,2021,3.26,405.44,2
CHEMBL4878553,OCCCNc1nc(NCc2ccccc2)c2ccccc2n1,22000.0,4.66,2021,3.04,308.39,2
CHEMBL504491,[O-][n+]1onc2ccc(/C=N/N=C/c3ccc(O)cc3)cc21,100000.0,4.0,2008,1.62,282.26,2
CHEMBL507837,O=C(/C=C/c1ccc2c(c1)OCO2)c1ccc(Br)cc1,20000.0,4.7,2012,4.07,331.17,2
CHEMBL512308,N=C(N)N/N=C/c1ccc(OCc2ccc3no[n+]([O-])c3c2)cc1,32000.0,4.5,2008,0.86,326.32,2
CHEMBL5169822,C/C(=N\NC(N)=S)c1ccc([N+](=O)[O-])cc1,7592.889999999999,5.12,2022,1.15,238.27,2
CHEMBL5171874,COC1=CC(=O)N(C(=O)/C=C/[C@@H](CCc2ccccc2)NC(=O)[C@H](CC(C)C)NC(=O)[C@H](CC(C)C)NC(=O)[C@H](C(C)C)N(C)C)C1Cc1ccc(-c2ccccc2)cc1,0.12,9.92,2022,6.49,820.09,0
CHEMBL5175270,COC1=CC(=O)N(C(=O)/C=C/[C@H](CCc2ccccc2)NC(=O)[C@H](CC(C)C)NC(=O)[C@H](CC(C)C)NC(=O)C2CCN(C)CC2)C1Cc1ccc(-c2ccc(C#N)cc2)cc1,0.13,9.89,2022,6.11,843.08,0
CHEMBL5176188,COC1=CC(=O)N(C(=O)/C=C/[C@@H](CCc2ccccc2)NC(=O)[C@H](CC(C)C)NC(=O)[C@H](CC(C)C)NC(=O)[C@H](C(C)C)N(C)C)C1Cc1ccc(-c2ccc(OC)cc2)cc1,0.28,9.55,2022,6.49,850.11,0
CHEMBL5179302,COC1=CC(=O)N(C(=O)/C=C/[C@H](CCc2ccccc2)NC(=O)[C@H](CC(C)C)NC(=O)[C@H](CC(C)C)NC(=O)C2CCN(C)CC2)C1Cc1ccc(-c2ccc(C(F)(F)F)cc2)cc1,0.79,9.1,2022,7.26,886.07,0
CHEMBL5181562,O=C1/C(=C/C=C/c2ccco2)CCC/C1=C\C=C\c1ccco1,37000.0,4.43,2022,5.21,306.36,2
CHEMBL5183942,COC1=CC(=O)N(C(=O)/C=C/[C@H](CCc2ccccc2)NC(=O)[C@H](CC(C)C)NC(=O)[C@H](CC(C)C)NC(=O)C2CCN(C)CC2)C1Cc1ccc(-c2ccccc2)cc1,0.4,9.4,2022,6.24,818.07,0
CHEMBL5184737,COC1=CC(=O)N(C(=O)/C=C/[C@@H](CCc2ccccc2)NC(=O)[C@H](CC(C)C)NC(=O)[C@H](CC(C)C)NC(=O)[C@H](C(C)C)N(C)C)C1Cc1ccc(-c2ccc(C#N)cc2)cc1,0.11,9.96,2022,6.36,845.1,0
CHEMBL5184910,CCOC(=O)/C=C/C(=O)[C@H](CC(C)C)NC(=O)[C@@H](CC(=O)c1ccccc1)Cc1ccccc1,20000.0,4.7,2022,4.34,463.57,2
CHEMBL5191563,COC1=CC(=O)N(C(=O)/C=C/[C@@H](CCc2ccccc2)NC(=O)[C@H](CC(C)C)NC(=O)[C@H](CC(C)C)NC(=O)[C@H](C(C)C)N(C)C)C1Cc1ccc(-c2ccc(C(F)(F)F)cc2)cc1,0.68,9.17,2022,7.5,888.09,0
CHEMBL5197613,C/C(=N\NC(N)=S)c1cccc(Cl)c1,29900.0,4.52,2022,1.9,227.72,2
CHEMBL5198927,COc1ccc(NC(=O)COC(=O)C(CC(C)C)N2C(=O)C(Cl)=C(Cl)C2=O)cc1,600.0,6.22,2022,2.65,443.28,1
CHEMBL5199098,CCCC[C@H]1O[C@@H]1/C=C/C=O,29.73,7.53,2022,1.7,154.21,0
CHEMBL5199542,COC1=CC(=O)N(C(=O)/C=C/[C@H](CCc2ccccc2)NC(=O)[C@H](CC(C)C)NC(=O)[C@H](CC(C)C)NC(=O)C2CCN(C)CC2)C1Cc1ccc(-c2ccc(OC)cc2)cc1,0.26,9.59,2022,6.25,848.1,0
CHEMBL5202965,COC1=CC(=O)N(C(=O)/C=C/[C@H](CCc2ccccc2)NC(=O)[C@H](CC(C)C)NC(=O)[C@H](CC(C)C)NC(=O)C2CCN(C)CC2)C1Cc1ccc(-c2ccc3ccccc3c2)cc1,1.56,8.81,2022,7.39,868.13,0
CHEMBL5204190,COC1=CC(=O)N(C(=O)/C=C/[C@@H](CCc2ccccc2)NC(=O)[C@H](CC(C)C)NC(=O)[C@H](CC(C)C)NC(=O)[C@H](C(C)C)N(C)C)C1Cc1ccc(-c2ccc3ccccc3c2)cc1,0.69,9.16,2022,7.64,870.15,0
CHEMBL5207461,CC(C)CC(NC(=O)c1ccc(-c2ccccc2)o1)C(=O)NC1(C#N)CC1,30300.0,4.52,2022,3.26,365.43,2
CHEMBL5270249,CCCCn1c(-c2ccc(Br)cc2)nc2ccccc21,55000.0,4.26,2020,5.27,329.24,2
CHEMBL5275039,Cc1cccc(OCCNC(=O)n2ccnc2)c1,1000.0,6.0,2020,1.83,245.28,1
CHEMBL5276613,O=C(COCc1ccccc1Br)NCCc1nc2ccccc2[nH]1,77500.0,4.11,2018,3.2,388.26,2
CHEMBL5278633,OCCNCc1ccc(-c2ccc(Br)cc2Cl)o1,51000.0,4.29,2022,3.44,330.61,2
CHEMBL528696,Clc1ccc2c(NCc3ccccc3)ccnc2c1,44000.0,4.36,2017,4.5,268.75,2
CHEMBL5287453,NC(=S)N/N=C/c1ccc(-c2ccc(Br)cc2Cl)o1,450.0,6.35,2022,3.53,358.65,1
CHEMBL5290080,Clc1cc(Br)ccc1-c1ccc(CNCCN2CCOCC2)o1,92000.0,4.04,2022,3.78,399.72,2
CHEMBL530354,Oc1ccc(Nc2nc(NCc3ccccc3)c3ccccc3n2)cc1,18000.0,4.75,2021,4.69,342.4,2
CHEMBL531738,Cn1c(=O)n(C)c2cc(CNCCNc3ccnc4cc(Cl)ccc34)ccc21,51000.0,4.29,2019,3.28,395.89,2
CHEMBL533921,COCCNC(=O)c1ccc(OC2CCN(Cc3ccc(F)c(F)c3)CC2)c(Cl)c1,5000.0,5.3,2019,4.04,438.9,2
CHEMBL536813,Oc1cccc(Nc2nc(NCc3ccccc3)c3ccccc3n2)c1,18000.0,4.75,2021,4.69,342.4,2
CHEMBL5394366,NC(=S)N/N=C(\CCN1CCOCC1)c1ccc(Cl)c(Cl)c1,5.91,8.275,2023,2.25,361.3,0
CHEMBL5403163,NC(=S)N/N=C(\CCn1ccnc1)c1ccc(Cl)c(Cl)c1,90.88,7.465,2023,2.82,342.26,1
CHEMBL541083,Cc1cc(NC(=O)c2nnc(-c3ccccc3N)o2)n[nH]1,11000.0,4.96,2009,1.6,284.28,2
CHEMBL541696,Nc1ncccc1C(=O)OCC(=O)Nc1cc(Cl)ccc1Cl,27000.0,4.57,2009,2.77,340.17,2
CHEMBL541700,CC[C@H](C)[C@@H](C(=O)O[C@@H](CC(C)C)C(=O)N[C@@H](CC(C)C)C(=O)N[C@@H](C)/C=C/C(=O)N1C(=O)C=C(OC)[C@@H]1C)N(C)C,0.78,9.24,2019,2.8,592.78,0
CHEMBL5437573,NC(=S)N/N=C(\CCN1CCCCC1)c1ccc(Cl)c(Cl)c1,5.699999999999999,8.305,2023,3.41,359.33,0
CHEMBL549616,Nc1ccccc1-c1nnc(C(=O)NCc2csc(-c3cccs3)n2)o1,2000.0,5.7,2009,3.43,383.46,1
CHEMBL549676,Nc1ccccc1-c1nnc(C(=O)NCc2ccc(C(F)(F)F)c(F)c2)o1,10000.0,5.0,2009,3.41,380.3,2
CHEMBL550025,Nc1ccccc1-c1nnc(C(=O)NCc2ccc3c(c2)OCO3)o1,6000.0,5.22,2009,1.98,338.32,2
CHEMBL550287,Nc1ccccc1-c1nnc(C(=O)NCc2cccc(-n3cccn3)c2)o1,17000.0,4.77,2009,2.43,360.38,2
CHEMBL550633,Nc1ccccc1-c1nnc(C(=O)N[C@@H]2c3ccccc3C[C@@H]2O)o1,32000.0,4.5,2009,1.71,336.35,2
CHEMBL550634,CC1C2CCC(C)(C2)C1NC(=O)c1nnc(-c2ccccc2N)o1,36000.0,4.44,2009,2.87,326.4,2
CHEMBL550694,Nc1ncccc1C(=O)OCC(=O)NC1CCCCCC1,87000.0,4.06,2009,1.66,291.35,2
CHEMBL550751,Nc1ccccc1-c1nnc(C(=O)Nc2cc(-c3ccccc3)[nH]n2)o1,800.0,6.1,2009,2.96,346.35,1
CHEMBL550771,Nc1ccccc1-c1nnc(C(=O)NCc2cccc3nsnc23)o1,6000.0,5.22,2009,2.25,352.38,2
CHEMBL550773,Nc1ccccc1-c1nnc(C(=O)NCc2ccc(Cn3cccn3)cc2)o1,8000.0,5.1,2009,2.49,374.4,2
CHEMBL550836,Nc1ccccc1-c1nnc(C(=O)NCc2c(N)cccc2F)o1,52000.0,4.28,2009,1.97,327.32,2
CHEMBL550960,CC(NC(=O)c1nnc(-c2ccccc2N)o1)C12CC3CC(CC(C3)C1)C2,18000.0,4.75,2009,3.65,366.47,2
CHEMBL550965,Nc1ccccc1-c1nnc(C(=O)NCc2ccccc2N2CCOCC2)o1,38000.0,4.42,2009,2.09,379.42,2
CHEMBL551901,Nc1ccccc1-c1nnc(C(=O)Nc2ccc3oc4c(c3c2)CCCC4)o1,2000.0,5.7,2009,4.2,374.4,1
CHEMBL552725,Nc1ccccc1-c1nnc(C(=O)NC2CCCCCC2)o1,14000.0,4.85,2009,2.77,300.36,2
CHEMBL554300,Nc1ccccc1-c1nnc(C(=O)Nc2ccc3[nH]ncc3c2)o1,41000.0,4.39,2009,2.45,320.31,2
CHEMBL554709,NC(=O)c1ccsc1NC(=O)COC(=O)c1cc(Br)ccc1N,90000.0,4.05,2009,1.99,398.24,2
CHEMBL554736,Nc1ccccc1-c1nnc(C(=O)NCc2ccccc2OC2CCOCC2)o1,42000.0,4.38,2009,2.81,394.43,2
CHEMBL555141,Nc1ccccc1-c1nnc(C(=O)NCc2c(Cl)cccc2Cl)o1,8000.0,5.1,2009,3.56,363.2,2
CHEMBL555241,Cc1cc2cc(NC(=O)c3nnc(-c4ccccc4N)o3)ccc2[nH]1,6000.0,5.22,2009,3.36,333.35,2
CHEMBL556465,COc1ccc(-c2cc(NC(=O)c3nnc(-c4ccccc4N)o3)n[nH]2)cc1,200.0,6.7,2009,2.97,376.38,1
CHEMBL556466,CC(C)(C)c1cc(NC(=O)c2nnc(-c3ccccc3N)o2)n[nH]1,2000.0,5.7,2009,2.59,326.36,1
CHEMBL557189,Nc1ccccc1-c1nnc(C(=O)NCc2nc3ccccc3[nH]2)o1,17000.0,4.77,2009,2.13,334.34,2
CHEMBL559646,Nc1ccccc1-c1nnc(C(=O)Nc2cccc(N3CCCC3)c2)o1,7000.0,5.16,2009,3.17,349.39,2
CHEMBL559770,Nc1ccccc1C(=O)OCC(=O)Nc1cc(Cl)ccc1Cl,58000.0,4.24,2009,3.37,339.18,2
CHEMBL560043,Nc1ccccc1-c1nnc(C(=O)Nc2cc(-c3cccs3)[nH]n2)o1,1000.0,6.0,2009,3.02,352.38,1
CHEMBL560503,Nc1ccccc1-c1nnc(C(=O)NCc2cccc(N3CCOCC3)c2)o1,33000.0,4.48,2009,2.09,379.42,2
CHEMBL560840,Nc1ccccc1-c1nnc(C(=O)NCc2ccnc(N3CCSCC3)c2)o1,23000.0,4.64,2009,2.2,396.48,2
CHEMBL560962,Cc1nn(-c2ccccc2)nc1CNC(=O)c1nnc(-c2ccccc2N)o1,7000.0,5.16,2009,2.14,375.39,2
CHEMBL561239,Nc1ccccc1-c1nnc(C(=O)NC2CCc3ccccc32)o1,17000.0,4.77,2009,2.74,320.35,2
CHEMBL561361,Cc1ccc(CNC(=O)c2nnc(-c3ccccc3N)o2)o1,14000.0,4.85,2009,2.15,298.3,2
CHEMBL561904,COc1ccc(NC(=O)c2nnc(-c3ccccc3N)o2)c(OC)c1,3000.0,5.52,2009,2.59,340.34,2
CHEMBL562106,CCC(NC(=O)COC(=O)c1cccnc1N)c1ccc(Br)cc1,84000.0,4.08,2009,2.85,392.25,2
CHEMBL562224,CCN(CC)c1ccc(NC(=O)c2nnc(-c3ccccc3N)o2)cc1,36000.0,4.44,2009,3.42,351.41,2
CHEMBL562581,Nc1ccccc1-c1nnc(C(=O)Nc2nc(-c3ccc(Cl)cc3)cs2)o1,3000.0,5.52,2009,4.35,397.85,2
CHEMBL563023,Nc1ccccc1-c1nnc(C(=O)Nc2nnc(-c3ccc(Cl)cc3)s2)o1,4000.0,5.4,2009,3.74,398.84,2
CHEMBL5630610,O=C(NCc1ccco1)C1Cc2ccccc2CN1,3000.0,5.52,2023,1.61,256.31,2
CHEMBL5631047,O=C(NCc1ccco1)C1Cc2c(F)cccc2CN1,26000.0,4.58,2023,1.75,274.3,2
CHEMBL563197,Nc1ccccc1-c1nnc(C(=O)Nc2ccc(N3CCOCC3)cc2)o1,62000.0,4.21,2009,2.41,365.39,2
CHEMBL563328,Nc1ccccc1-c1nnc(C(=O)NCc2ccc(Oc3ccccc3)cc2)o1,6000.0,5.22,2009,4.04,386.41,2
CHEMBL564453,COc1ccc(OC)c(CNC(=O)c2nnc(-c3ccccc3N)o2)c1,8000.0,5.1,2009,2.27,354.37,2
CHEMBL564546,Cc1ccc(-c2cc(NC(=O)c3nnc(-c4ccccc4N)o3)n[nH]2)cc1,500.0,6.3,2009,3.27,360.38,1
CHEMBL564809,Nc1ccccc1-c1nnc(C(=O)NC2CCCCC2)o1,25000.0,4.6,2009,2.38,286.34,2
CHEMBL565191,Nc1ccccc1-c1nnc(C(=O)NCc2ccnc(N3CCOCC3)c2)o1,83000.0,4.08,2009,1.48,380.41,2
CHEMBL565862,COc1ccc(S(=O)(=O)Nc2nc3ccccc3nc2NCc2ccc3c(c2)OCO3)cc1,12000.0,4.92,2010,3.78,464.5,2
CHEMBL565866,CC(C)CNc1nc(C#N)nc(Nc2ccccc2)n1,890.0,6.05,2010,2.55,268.32,1
CHEMBL566064,O=C(Nc1nc(-c2ccc(S(=O)(=O)N3CCCCCC3)cc2)cs1)c1cccs1,12000.0,4.92,2010,4.69,447.61,2
CHEMBL566067,CCCCNc1nc(C#N)nc(Nc2ccccc2)n1,890.0,6.05,2010,2.7,268.32,1
CHEMBL566068,Oc1cc(-c2ccc(Cl)c(Cl)c2)[nH]n1,12000.0,4.92,2010,3.09,229.07,2
CHEMBL566069,N#Cc1nc(Nc2ccccc2)nc(NC2CCCC2)n1,710.0,6.15,2010,2.84,280.34,1
CHEMBL566273,N#Cc1nc(Nc2cccc(-c3ccccc3)c2)nc(NC2CCCC2)n1,1144.5,6.475,2010,4.51,356.43,1
CHEMBL566690,O=C(CS[n+]1cc(-c2ccc(F)cc2)cs1)NC(=O)NCc1ccco1.[Cl-],60000.0,4.22,2010,2.96,427.91,2
CHEMBL566691,CC(C)Nc1nc(C#N)nc(Nc2ccccc2)n1,890.0,6.05,2010,2.31,254.3,1
CHEMBL566903,N#Cc1nc(Nc2ccc(Br)cc2)nc(NC2CCCC2)n1,591.0,6.585,2010,3.6,359.23,1
CHEMBL566904,CCNc1nc(C#N)nc2c1ncn2-c1cccc(Cl)c1,63.0,7.2,2010,2.77,298.74,0
CHEMBL566905,N#Cc1nc(NCC(F)F)c2ncn(-c3cccc(Cl)c3)c2n1,71.0,7.15,2010,3.02,334.72,0
CHEMBL566920,O=C(Nc1ccc(/N=N/c2ccccc2)cc1)c1cccc(Cl)c1,12000.0,4.92,2010,6.01,335.79,2
CHEMBL566924,N#Cc1nc(Nc2cccc(Br)c2)nc(NC2CCCC2)n1,51.0,7.85,2010,3.6,359.23,0
CHEMBL566931,Cc1ccc(Cl)cc1NC(=O)CCC(=O)Nc1cc(Cl)ccc1C,12000.0,4.92,2010,4.97,365.26,2
CHEMBL566932,C=C(C)CSc1cc(N)c(C#N)c(-c2ccc(C)cc2)c1C#N,12000.0,4.92,2010,4.66,319.43,2
CHEMBL567130,CCc1ccc(C(=O)CSC2=C(C#N)C(c3ccco3)C(C(C)=O)=C(C)N2)cc1,30000.0,4.52,2010,4.74,406.51,2
CHEMBL567132,c1ccc(-c2cc3c(NCC4COc5ccccc5O4)ncnc3s2)cc1,12000.0,4.92,2010,4.61,375.45,2
CHEMBL567134,CCNc1nc(C#N)nc2c1ncn2-c1cc(F)cc(F)c1,251.0,6.6,2010,2.4,300.27,1
CHEMBL567135,N#Cc1nc(NCC2CC2)nc(Nc2ccccc2)n1,890.0,6.05,2010,2.31,266.31,1
CHEMBL567137,N#Cc1nc(NCCCCO)nc(Nc2ccccc2)n1,890.0,6.05,2010,1.67,284.32,1
CHEMBL567142,N#Cc1nc(Nc2cc(F)cc(F)c2)c2ncn(C3CCCC3)c2n1,18.0,7.75,2010,3.83,340.34,0
CHEMBL567145,CCN(Cc1ccccc1)c1nc2c(S(=O)(=O)c3ccccc3)nnn2c2ccc(Cl)cc12,12000.0,4.92,2010,4.79,477.98,2
CHEMBL567147,N#Cc1nc(Nc2ccc(F)cc2)nc(NC2CCCC2)n1,78.0,7.21,2010,2.98,298.33,0
CHEMBL567161,CCNc1nc(C#N)nc(Nc2ccccc2)n1,710.0,6.15,2010,1.92,240.27,1
CHEMBL567323,Cc1cccc(NS(=O)(=O)c2ccc(C)c(C(=O)OCC(=O)Nc3cc(C)on3)c2)c1,30000.0,4.52,2010,3.2,443.48,2
CHEMBL567335,O=C(Cn1c(=O)oc2ccccc21)Nc1oc(-c2ccccc2)c(-c2ccccc2)c1O,12000.0,4.92,2010,4.87,426.43,2
CHEMBL567337,O=C(Nc1nc(-c2cccs2)cs1)c1ccc(S(=O)(=O)N2CCCC2)cc1,12000.0,4.92,2010,3.91,419.55,2
CHEMBL567340,N#Cc1nc(NCC(F)F)nc(Nc2cc(F)cc(F)c2)n1,13.0,8.3,2010,2.44,312.23,0
CHEMBL567341,CCn1cnc2c(Nc3cc(F)cc(F)c3)nc(C#N)nc21,5.1,8.85,2010,2.74,300.27,0
CHEMBL567354,CNc1nc(C#N)nc(Nc2ccccc2)n1,1260.0,5.9,2010,1.53,226.24,1
CHEMBL567356,O=C(COC(=O)c1cccc(Oc2ccccc2)c1)Nc1nnc(-c2ccccc2)o1,12000.0,4.92,2010,4.32,415.41,2
CHEMBL567529,Cn1c(C(C#N)C(=O)c2sc3ccccc3c2Cl)nc2ccccc21,12000.0,4.92,2010,4.93,365.85,2
CHEMBL567531,O=C(COC(=O)c1cc(-c2ccco2)nc2ccccc12)NCc1ccc2c(c1)OCO2,30000.0,4.52,2010,3.7,430.42,2
CHEMBL567735,COC(=O)c1ccc(-c2nc(-c3ccc(Br)o3)no2)cc1,30000.0,4.52,2010,3.55,349.14,2
CHEMBL567769,N#Cc1nc(NCCO)nc(Nc2ccccc2)n1,1580.0,5.8,2010,0.89,256.27,1
CHEMBL567783,N#Cc1nc(Nc2cccc([N+](=O)[O-])c2)nc(NC2CCCC2)n1,32.0,8.1,2010,2.75,325.33,0
CHEMBL567784,N#Cc1nc(Nc2cccc(F)c2)nc(NC2CCCC2)n1,44.5,7.55,2010,2.98,298.33,0
CHEMBL567785,N#Cc1nc(Nc2cccc(Cl)c2)nc(NC2CCCC2)n1,40.5,7.8999999999999995,2010,3.49,314.78,0
CHEMBL567786,N#Cc1nc(NCC(F)F)c2ncn(-c3cc(F)cc(F)c3)c2n1,50.0,7.3,2010,2.64,336.25,0
CHEMBL567959,Cc1ccc(C(=O)Nc2nc(-c3cc(Cl)sc3Cl)cs2)cc1,12000.0,4.92,2010,5.74,369.3,2
CHEMBL568171,N#Cc1nc(Nc2cc(F)cc(F)c2)nc(NC2CCCC2)n1,33.5,7.800000000000001,2010,3.12,316.32,0
CHEMBL568172,N#Cc1nc(Nc2cc(Cl)cc(Cl)c2)nc(NC2CCCC2)n1,204.0,7.2,2010,4.15,349.23,1
CHEMBL571065,Cc1sc(NC(=S)NC(=O)C2CCCCC2)c(C(N)=O)c1C,12000.0,4.92,2010,2.86,339.49,2
CHEMBL571295,CCOc1nc(C#N)nc(N2CCCCC2)n1,90.0,7.05,2010,1.13,233.28,1
CHEMBL572120,Nc1ccccc1-c1nnc(C(=O)NC2Cc3ccccc3C2)o1,11000.0,4.96,2009,2.22,320.35,2
CHEMBL576039,CCSc1nnc(NC(=O)c2ccc(Br)s2)s1,12000.0,4.92,2010,3.73,350.29,2
CHEMBL576648,Cc1cccc(Nc2nc(C#N)nc(NC3CCCC3)n2)c1,78.0,7.21,2010,3.15,294.36,0
CHEMBL576847,CCCNc1nc(C#N)nc(Nc2ccccc2)n1,790.0,6.1,2010,2.31,254.3,1
CHEMBL577121,CCn1cnc2c(Nc3cccc(Cl)c3)nc(C#N)nc21,9.2,8.575,2010,3.11,298.74,0
CHEMBL577752,O=C(Nc1nc(-c2cccc(Br)c2)cs1)Oc1ccccc1,30000.0,4.52,2010,5.18,375.25,2
CHEMBL577764,N#Cc1nc(N)nc(N(c2ccccc2)c2ccccc2)n1,70.0,7.16,2010,2.8,288.31,0
CHEMBL577938,N#Cc1c(-c2ccccc2)cc(-c2ccco2)c(C#N)c1N,12000.0,4.92,2010,3.94,285.31,2
CHEMBL578159,N#Cc1nc(Nc2cc(F)cc(F)c2)c2ncn(CC(F)F)c2n1,13.0,7.89,2010,2.98,336.25,0
CHEMBL578161,N#Cc1nc(Nc2ccccc2)nc(NC2CCCCC2)n1,1410.0,5.85,2010,3.23,294.36,1
CHEMBL578162,N#Cc1nc(Nc2cccc(Cl)c2)c2ncn(C3CCCC3)c2n1,20.15,8.46,2010,4.21,338.8,0
CHEMBL578585,Cc1cc(NC(=O)Cc2cccs2)no1,30000.0,4.52,2010,2.23,222.27,2
CHEMBL579075,COc1ccc(/C=N/NC(=O)c2ccc(Br)cc2)cc1Cn1cc(Cl)cn1,12000.0,4.92,2010,4.12,447.72,2
CHEMBL579273,N#Cc1nc(Nc2cccc(C(F)(F)F)c2)nc(NC2CCCC2)n1,40.0,7.4,2010,3.86,348.33,0
CHEMBL582420,CCOc1cccc(C(=O)Nc2ccc(-c3nc4ccccc4[nH]3)cc2)c1,2600.0,5.58,2019,4.88,357.41,1
CHEMBL585873,N#Cc1nc(NC2CCCC2)c2ncn(-c3cc(F)cc(F)c3)c2n1,316.0,6.5,2010,3.32,340.34,1
CHEMBL592646,CCCCC(C(=O)COc1c(F)c(F)cc(F)c1F)n1cc([C@@](C)(NCc2ccc3ncccc3c2)C2CCCC2)nn1,27.0,7.57,2015,6.96,597.66,0
CHEMBL597248,c1ccc(CNc2nc(Nc3ccccc3)nc3ccccc23)cc1,8500.0,5.074999999999999,2021,4.99,326.4,2
CHEMBL597857,Clc1ccc2[nH]c3c(NCCCN4CCOCC4)ncnc3c2c1,15000.0,4.82,2018,2.9,345.83,2
CHEMBL598279,COc1ccc(Nc2nc(NCc3ccccc3)c3ccccc3n2)cc1,52000.0,4.28,2021,4.99,356.43,2
CHEMBL600002,CCCCC(C(=O)COc1c(F)c(F)cc(F)c1F)n1cc([C@@](C)(NCc2ccc3ncccc3c2)C(C)C)nn1,370.0,6.43,2015,6.42,571.62,1
CHEMBL6096575,C/C(=N\NC(N)=S)c1cc2cc(Br)ccc2oc1=O,145.0,6.84,2025,2.11,340.2,1
CHEMBL6114882,C/C(=N\NC(N)=[Se])c1ccc(Br)cc1,14.31,7.84,2024,,319.06,0
CHEMBL6120911,CCN(CC)c1ccc2cc(/C(C)=N/NC(N)=S)c(=O)oc2c1,46.0,7.34,2025,2.2,332.43,0
CHEMBL6134428,CCOC(=O)[C@H](CSS(=O)(=O)c1ccccc1)n1cc(C(NCc2ccc3c(c2)OCO3)C(CC)CC)nn1,24000.0,4.62,2025,4.5,574.73,2
CHEMBL6134674,COC(=O)[C@H](CSS(=O)(=O)c1ccccc1)n1cc(C(NCc2ccc3c(c2)OCO3)C2CCCC2)nn1,9700.0,5.01,2025,3.86,558.68,2
CHEMBL6143698,COc1cccc2cc(/C(C)=N/NC(N)=S)c(=O)oc12,14400.0,4.84,2025,1.36,291.33,2
CHEMBL6143720,C/C(=N\Nc1nc(C)c[se]1)c1cccc(Cl)c1.Cl,81.69,7.09,2024,,349.12,0
CHEMBL6151125,O=S(=O)(SC[C@@H](Cc1ccccc1)n1cc(C(NCc2ccc3c(c2)OCO3)C2CCCCC2)nn1)c1ccccc1,2200.0,5.66,2025,6.32,604.8,1
CHEMBL6151171,CCOC(=O)[C@H](CSS(=O)(=O)c1ccccc1)n1cc(C(NCc2ccc3c(c2)OCO3)C2CCCCC2)nn1,2700.0,5.57,2025,4.64,586.74,1
CHEMBL6152062,C/C(=N\NC(N)=S)c1cc2ccc(C)cc2oc1=O,200.0,6.7,2025,1.66,275.33,1
CHEMBL6152310,CC(C)[C@H](CSS(=O)(=O)c1ccccc1)n1cc(C(NCc2ccc3c(c2)OCO3)C2CCCCC2)nn1,4000.0,5.4,2025,5.74,556.75,2
CHEMBL6164623,CCCCC(c1cn([C@@H](CSS(=O)(=O)c2ccccc2)C(=O)OCC)nn1)N1CCc2ccccc2C1,25000.0,4.6,2025,4.79,542.73,2
CHEMBL6165206,CCCCC(NCc1ccc2c(c1)OCO2)c1cn([C@@H](CSS(=O)(=O)c2ccccc2)C(=O)OCC)nn1,3200.0,5.5,2025,4.25,560.7,2
CHEMBL6166415,O=C[C@H](Cc1ccccc1)n1cc(C(NCc2ccc3c(c2)OCO3)C2CCCCC2)nn1,41000.0,4.39,2025,4.4,446.55,2
CHEMBL6167489,C/C(=N\Nc1nc(C)c[se]1)c1cccc([N+](=O)[O-])c1.Cl,8.99,8.05,2024,,359.68,0
CHEMBL6169606,COC(=O)[C@H](CSS(=O)(=O)c1ccccc1)n1cc(C(NCc2ccc3c(c2)OCO3)C2CCCCC2)nn1,12000.0,4.92,2025,4.25,572.71,2
CHEMBL6172014,CCOC(=O)[C@H](CSS(=O)(=O)c1ccccc1)n1cc(C(C2CCCCC2)N2CCc3ccccc3C2)nn1,13700.0,4.86,2025,5.18,568.77,2
CHEMBL6172434,O=C(O)[C@H](CS(c1ccccc1)(c1ccccc1)c1ccccc1)n1cc(C(NCc2ccc3c(c2)OCO3)C2CCCCC2)nn1,6000.0,5.22,2025,8.03,648.83,2
CHEMBL6175693,O=C(O)[C@H](CS)n1cc(C(NCc2ccc3c(c2)OCO3)C2CCCCC2)nn1,28.0,7.55,2025,2.97,418.52,0
CHEMBL6176227,SC[C@@H](Cc1ccccc1)n1cc(C(NCc2ccc3c(c2)OCO3)C2CCCCC2)nn1,7000.0,5.16,2025,5.13,464.64,2
CHEMBL6176663,NCCCC[C@@H](C=O)n1cc(C(NCc2ccc3c(c2)OCO3)C2CCCCC2)nn1,3300.0,5.48,2025,3.29,427.55,2
CHEMBL63226,O=C1c2c(O)cc(O)cc2OC(c2ccc(O)cc2)C1c1c(O)cc(O)c2c(=O)cc(-c3ccc(O)c(O)c3)oc12,9600.0,5.02,2019,4.5,556.48,2
CHEMBL64391,CCC(C)n1ncn(-c2ccc(N3CCN(c4ccc(OCC5COC(Cn6cncn6)(c6ccc(Cl)cc6Cl)O5)cc4)CC3)cc2)c1=O,3000.0,5.52,2010,5.58,705.65,2
CHEMBL672,CC(C)OC(=O)C(C)(C)Oc1ccc(C(=O)c2ccc(Cl)cc2)cc1,61000.0,4.21,2010,4.68,360.84,2
CHEMBL81,O=C(c1ccc(OCCN2CCCCC2)cc1)c1c(-c2ccc(O)cc2)sc2cc(O)ccc12,33000.0,4.48,2010,6.08,473.59,2
CHEMBL88734,C/C(=N\N=C(\N)S)c1cccc(Br)c1,109.575,6.96,2004,2.42,272.17,1
CHEMBL89973,C/C(=N\N=C(\N)S)c1cc(C(F)(F)F)cc(C(F)(F)F)c1,59.989999999999995,7.22,2023,3.69,329.27,0
CHEMBL89990,C/C(=N\N=C(\N)S)c1ccc(Br)s1,3800.0,5.42,2002,2.48,278.2,2
CHEMBL90060,N/C(S)=N/N=C/c1ccc(-c2ccc(Br)cc2)o1,280.0,6.55,2002,3.29,324.2,1
CHEMBL90181,C/C(=N\N=C(\N)S)c1ccc(Cl)s1,1900.0,5.72,2002,2.37,233.75,1
CHEMBL90197,NC(=S)N1CCC(c2cccc(Cl)c2)=N1,270.0,6.57,2002,1.99,239.73,1
CHEMBL90354,FC(F)(F)c1cccc(NC(=S)N2CCC(c3cccc(Cl)c3)=N2)c1,1700.0,5.77,2002,5.17,383.83,1
CHEMBL90428,CC1CN(C(=N)S)N=C1c1cccc(Cl)c1,230.0,6.64,2002,2.86,253.76,1
CHEMBL90475,S=C(Nc1cccc(Cl)c1)N1CCC(c2cccc(Br)c2)=N1,1000.0,6.0,2002,4.91,394.73,1
CHEMBL90512,C/C(=N\N=C(\N)S)c1ccc(Cl)c(Cl)c1,50.0,7.3,2002,2.96,262.17,0
CHEMBL90688,N=C(S)N/N=C/c1cccc(C(F)(F)F)c1,480.0,6.32,2002,2.49,247.25,1
CHEMBL90772,N=C(S)N/N=C/c1cc(C(F)(F)F)cc(C(F)(F)F)c1,320.0,6.5,2002,3.51,315.24,1
CHEMBL90808,Cn1c(/C=N/N=C(/N)S)cc2ccccc21,2800.0,5.55,2002,1.76,232.31,1
CHEMBL90819,C/C(=N\N=C(\N)S)c1ccccc1Br,3900.0,5.41,2002,2.42,272.17,2
CHEMBL90866,CC/C(=N\N=C(\N)S)c1cccc(Cl)c1,220.0,6.66,2002,2.7,241.75,1
CHEMBL90867,COc1ccc2ccccc2c1/C=N/N=C(/N)S,560.0,6.25,2002,2.43,259.33,1
CHEMBL91003,CC1CN(C(=N)S)N=C1c1cccc(C(F)(F)F)c1,40.0,7.4,2002,3.23,287.31,0
CHEMBL91347,CCCCCC/N=C(\S)N1CCC(c2cccc(Br)c2)=N1,1400.0,5.85,2002,4.73,368.34,1
CHEMBL91544,CC1CN(C(=N)S)N=C1c1ccc(Cl)c(Cl)c1,70.0,7.16,2002,3.51,288.2,0
CHEMBL91640,N=C(S)N1CCC(c2cccc(C(F)(F)F)c2)=N1,80.0,7.1,2002,2.98,273.28,0
CHEMBL91704,CN1CCN(C(=O)N[C@@H](Cc2ccccc2)C(=O)N[C@H](/C=C/S(=O)(=O)c2ccccc2)CCc2ccccc2)CC1,2.0,8.7,2020,3.66,574.75,0
CHEMBL91830,Cn1nc(-c2ccc(/C=N/N=C(/N)S)s2)cc1C(F)(F)F,7000.0,5.16,2002,2.75,333.36,2
CHEMBL91844,N/C(S)=N/N=C/c1cccc(Br)c1,1300.085,5.89,2002,2.03,258.14,1
CHEMBL92099,CC/C(=N\N=C(\N)S)c1ccc(Cl)c(Cl)c1,24.494999999999997,7.61,2002,3.35,276.19,0
CHEMBL92376,CC/C(=N\N=C(\N)S)c1cccc(C(F)(F)F)c1,50.0,7.3,2002,3.06,275.3,0
CHEMBL93166,CC/C(=N\N=C(\N)S)c1cc(C(F)(F)F)cc(C(F)(F)F)c1,20.0,7.7,2002,4.08,343.3,0
CHEMBL93774,COc1ccccc1-c1ccc(/C=N/N=C(/N)S)o1,280.0,6.55,2002,2.53,275.33,1
CHEMBL939,COc1cc2ncnc(Nc3ccc(F)c(Cl)c3)c2cc1OCCCN1CCOCC1,88000.0,4.06,2010,4.28,446.91,2
CHEMBL94235,N/C(S)=N/N=C/c1cccn1S(=O)(=O)c1ccccc1,2800.0,5.55,2002,1.3,308.39,1
